"Bullock","Bullock_campaign","796392251081400320","2016-11-09 16:41:23","I am humbled by your support. #mtpol #mtgov https://t.co/uAc8Ai2cAW","","4","20"
"Bullock","Bullock_campaign","796391636917813253","2016-11-09 16:38:57","Thank you Montana. #mtpol #mtgov https://t.co/Ub2jusr59M","","20","78"
"Bullock","Bullock_campaign","796210592826662915","2016-11-09 04:39:32","RT @WillNBCMT: Governor Steve Bullock arrives #mtpol https://t.co/8bKtdqi5yv","","1","0"
"Bullock","Bullock_campaign","796141944959160321","2016-11-09 00:06:45","RT @mscopff: #montanaprofessionalfirefighters support @BullockForMT for #montanagovernor great for Montana and the future https://t.co/I1TD‚Ä¶","","3","0"
"Bullock","Bullock_campaign","796099835405500416","2016-11-08 21:19:26","RT @prairiewindspr: Make no mistake, our races in #Montana will impact the future of this great state. We got your back @BullockForMT &amp; @de‚Ä¶","","3","0"
"Bullock","Bullock_campaign","796096298810281984","2016-11-08 21:05:23","@OIA Thanks for the support! #mtpol","","2","5"
"Bullock","Bullock_campaign","796095478211506176","2016-11-08 21:02:07","RT @smartin123: @BullockForMT good luck Governor!","","2","0"
"Bullock","Bullock_campaign","796014617935941636","2016-11-08 15:40:48","Started off Election Day by voting with my kids. Let's keep Montana great for future generations! #MTpol #ElectionDay https://t.co/gG8S1M1BrB","","5","29"
"Bullock","Bullock_campaign","795822058298970112","2016-11-08 02:55:39","Final #GOTV rally in Helena. Let's do this Montana! #mtpol https://t.co/uvx8h02poc","","6","11"
"Bullock","Bullock_campaign","795790916376260608","2016-11-08 00:51:54","Mike and I hit the doors again in Helena. Your vote is your voice! #MTpol https://t.co/5UkjxnNrOV","","4","18"
"Bullock","Bullock_campaign","795730354413993984","2016-11-07 20:51:15","Haven't voted yet? Make a plan to vote tomorrow on Election Day. To find your polling location, visit https://t.co/1KrAaTUouq. #MTpol https://t.co/1TwIaIc2KL","","1","2"
"Bullock","Bullock_campaign","795668233693102080","2016-11-07 16:44:24","We're going to move this state forward, not a hundred years back. #mtpol #mtgov
https://t.co/MXplk45A8I","","6","6"
"Bullock","Bullock_campaign","795386363155795968","2016-11-06 22:04:21","Great Falls is fired up and ready to Get Out the Vote! #MTpol #GOTV https://t.co/iRv7uF2BbP","","6","11"
"Bullock","Bullock_campaign","795343131088744448","2016-11-06 19:12:33","Thanks to all of the volunteers across our state for taking time this weekend to hit the doors, make phone calls &amp; #GOTV! #MTpol https://t.co/bO0SMhImna","","4","11"
"Bullock","Bullock_campaign","795326160729243648","2016-11-06 18:05:07","Great start to Day 5 of #GOTV in Missoula. #MTpol https://t.co/cS963kpXrL","","4","8"
"Bullock","Bullock_campaign","795072505895493632","2016-11-06 01:17:11","#GOTV in Butte, America! #MTpol https://t.co/8K6yZrRyXW","","6","10"
"Bullock","Bullock_campaign","795055297404354560","2016-11-06 00:08:48","Today, November 5th marks Elouise Cobell Day. She was a courageous leader and remains an inspiration to all of us. #mtpol https://t.co/bI3pokFyyB","","4","6"
"Bullock","Bullock_campaign","795025478012715008","2016-11-05 22:10:19","The MT Gov's race is highlighted as one of four that could determine the fate of our public lands: https://t.co/Oru8RFcajB #mtpol","","5","5"
"Bullock","Bullock_campaign","795004318671740928","2016-11-05 20:46:14","We're working together to keep Montana great for future generations. Thanks for the great #GOTV event Livingston! #mtpol https://t.co/bB7LZuCtyf","","9","13"
"Bullock","Bullock_campaign","794947869719592961","2016-11-05 17:01:56","Knocking doors &amp; talking to Montanans is what makes the difference. Thanks to Billings residents for your help w/ #GOTV this weekend. #mtpol https://t.co/DOvM0lE7eI","","7","9"
"Bullock","Bullock_campaign","794932845936574464","2016-11-05 16:02:14","And we didn't have to pay a sales tax. #MTpol 
https://t.co/bZDOgxB4da","","8","22"
"Bullock","Bullock_campaign","794617628799205380","2016-11-04 19:09:40","Mike was on the road last week to #GOTV in Montana towns. Check out this highlight from his stop in Pablo. #MTpol
https://t.co/vAAf2SNsPj","","2","3"
"Bullock","Bullock_campaign","794580598543286276","2016-11-04 16:42:31","Good morning from Miles City. Five days to go! #GOTV #MTpol #MTgov https://t.co/ugn3EQABtw","","3","12"
"Bullock","Bullock_campaign","794325713230757888","2016-11-03 23:49:42","The Montana we know and love belongs to all of us. #mtpol #mtgov https://t.co/0IF7gMiQsW","","5","10"
"Bullock","Bullock_campaign","794302926244048897","2016-11-03 22:19:09","Another great day meeting with Montanans to #GOTV! #mtpol #mtgov https://t.co/WtWo6WuolY","","2","6"
"Bullock","Bullock_campaign","794269504549203968","2016-11-03 20:06:21","Elections are to be decided by every one of the folks like you and me, not by millionaires &amp; corporations. #mtpol 
https://t.co/5JZHzAnb2y","","7","7"
"Bullock","Bullock_campaign","794205566029611009","2016-11-03 15:52:17","Good morning from Havre. Join us as we #GOTV along the Hi-Line today. #MTpol #MTgov https://t.co/ow4BtS7Hnp","","4","4"
"Bullock","Bullock_campaign","793963250236825600","2016-11-02 23:49:24","Wrapping up day one in Browning. Thanks for the great visit! #GOTV #MTpol #MTgov https://t.co/IBXkXce8ms","","5","9"
"Bullock","Bullock_campaign","793915880992186368","2016-11-02 20:41:10","Thanks to UM students for joining us at the rally and making sure your voices are heard! #mtpol #mtgov #GOTV
https://t.co/bsRulq236O","","2","3"
"Bullock","Bullock_campaign","793894446999871488","2016-11-02 19:16:00","The Disclose Act is a pretty simple idea, but it‚Äôs essential to making sure our elections are fair to voters. #mtpol
https://t.co/oWJ2CJviRM","","3","9"
"Bullock","Bullock_campaign","793884221236326400","2016-11-02 18:35:22","Great crowd in Kalispell to #GOTV! We're crossing the state over the next 5 days to share our message of Montana values. #mtpol #mtgov https://t.co/FubXo6ErjU","","5","9"
"Bullock","Bullock_campaign","793588424263335936","2016-11-01 22:59:59","‚ÄúThe best way to get rid of the shadows is to turn up the sunshine."" #MTpol #MTgov 
https://t.co/WVqkwWvKlB","","3","3"
"Bullock","Bullock_campaign","793540207932874752","2016-11-01 19:48:23",".@denisejuneau and I rallied with UM students &amp; encouraged them to vote early on campus today! #MTpol #MTgov #GoGriz #GOTV https://t.co/VQKIZ4f8JR","","4","8"
"Bullock","Bullock_campaign","793512904414760961","2016-11-01 17:59:53","A great Montana tradition that represents our great state. #mtpol #mtgov 
https://t.co/TNLSgeWFQ8","","2","3"
"Bullock","Bullock_campaign","793495731994669056","2016-11-01 16:51:39","Mike enjoyed his time passing out candy and celebrating Halloween in Billings. #mtpol #mtgov https://t.co/rNi6eFJhHe","","1","4"
"Bullock","Bullock_campaign","793217292683259905","2016-10-31 22:25:14","I will always work with Republicans and Democrats to balance the budget and maintain a rainy day fund. #mtpol #mtgov https://t.co/Smj3xIyjPr","","4","12"
"Bullock","Bullock_campaign","793164164143259648","2016-10-31 18:54:07","Mike sat down with Carroll College students over a cup of coffee today to talk about getting involved in the election. #mtpol #mtgov https://t.co/jQwDwJfMWF","","3","4"
"Bullock","Bullock_campaign","792800251497152512","2016-10-30 18:48:04","I'm pleased to also earn the endorsement of the Missoulian. Read the full endorsement here: https://t.co/5qiP91sls0 #mtpol #mtgov https://t.co/52cjzBnI7C","","11","19"
"Bullock","Bullock_campaign","792486794709180416","2016-10-29 22:02:30","Sat down with vets in Great Falls today to hear what's on their mind and ways we can always support them. #mtpol #mtgov https://t.co/3ZU9Sgtk0Z","","1","5"
"Bullock","Bullock_campaign","792093507825479680","2016-10-28 19:59:43","This new funding will make it easier for businesses all across the state to grow, create good-paying jobs. 
https://t.co/Fbm0wro5NH #mtpol","","3","9"
"Bullock","Bullock_campaign","792067886575607808","2016-10-28 18:17:54","It was great visiting with MSU students this morning about getting involved in the election. #mtpol #mtgov https://t.co/kaiOYDffP1","","4","9"
"Bullock","Bullock_campaign","791776260342939650","2016-10-27 22:59:05","I'm pleased to have the endorsements of statewide newspapers. Let's keep working to create good paying jobs and grow the economy. #mtpol https://t.co/qgwFKPJ6Zx","","10","16"
"Bullock","Bullock_campaign","791735608523665412","2016-10-27 20:17:33","Ever written a check for $1 Million? $2 Million? How about $5.3 Million? Montana is not for sale. #mtpol #mtgov https://t.co/G1eBvqgetR","","7","6"
"Bullock","Bullock_campaign","791716675049562112","2016-10-27 19:02:19","‚ÄúThere‚Äôs no way that we‚Äôll allow the transfer of public lands, that won‚Äôt happen on my watch.‚Äù #KeepItPublic #mtpol 
https://t.co/H3pfLvYRDy","","11","14"
"Bullock","Bullock_campaign","791424123209527296","2016-10-26 23:39:49","We had a great time on the doors in Billings today talking with Montanans about how we can make our state even better for all us. #mtpol https://t.co/sabmlr0RwL","","6","20"
"Bullock","Bullock_campaign","791397036276920320","2016-10-26 21:52:11","It's up to us to show my opponent that Montana and the Governor's Office is not for sale. #mtpol #mtgov 
https://t.co/OUBCUnsTX8","","5","8"
"Bullock","Bullock_campaign","791346460247724032","2016-10-26 18:31:13","I‚Äôm honored to have the endorsement of MSA. Our outdoor way of life is what makes us Montanans, and I'll always protect that. #mtpol #mtgov https://t.co/UxtKqKI7A9","","1","4"
"Bullock","Bullock_campaign","791077895468752897","2016-10-26 00:44:02","Thanks to the volunteers across our state who are knocking doors, making phone calls &amp; working together to preserve our MT values! #mtpol https://t.co/qgwYUNUUlb","","4","16"
"Bullock","Bullock_campaign","791055502570430465","2016-10-25 23:15:03","Our public education system is not for sale. Our tax system is not for sale. Our way of life is not for sale. #mtpol #mtgov https://t.co/B9VMpPeyx7","","6","7"
"Bullock","Bullock_campaign","791039682272296960","2016-10-25 22:12:11","Thanks to the MT Hospitality &amp; Lodging Association for having me speak at your forum today about how we keep Montana great. #mtpol #mtgov https://t.co/Wl3PeU4gsg","","1","2"
"Bullock","Bullock_campaign","791007082568818688","2016-10-25 20:02:39","As Montanans have said for most of our history: our elections are not for sale. #mtpol #mtgov https://t.co/0rx8a5hhV3","","5","8"
"Bullock","Bullock_campaign","790667316715413504","2016-10-24 21:32:32","Seven rallies in seven Montana communities with one clear message to my opponent: Equal Pay is a Big Deal! #mtpol #mtgov https://t.co/Nb9WfYxJds","","11","26"
"Bullock","Bullock_campaign","790621534020743168","2016-10-24 18:30:37","Equal pay for equal work is a big deal. #mtpol #mtgov https://t.co/d4lqvOEclB","","19","34"
"Bullock","Bullock_campaign","790221648276271105","2016-10-23 16:01:37","This weekend I hit the doors with my family to talk to Montanans. I want to pass down an even better Montana for all of our kids. #mtpol https://t.co/dnwwcuzDRl","","9","27"
"Bullock","Bullock_campaign","789920462411223040","2016-10-22 20:04:48","‚ÄúOur public lands won‚Äôt be transferred out of public hands anytime that I‚Äôm governor."" #KeepItPublic #mtpol
https://t.co/Wiad40XeVe","","6","12"
"Bullock","Bullock_campaign","789611411005517824","2016-10-21 23:36:45","I'll stand with Montanans, together, as we fight for our public lands. #mtpol #mtgov https://t.co/9hlysEdBe3","","8","18"
"Bullock","Bullock_campaign","789262753550573568","2016-10-21 00:31:18","""Steve Bullock is a governor Montana businesses can count on."" #mtpol #mtgov https://t.co/BILHOB861h","","8","13"
"Bullock","Bullock_campaign","789190773958782977","2016-10-20 19:45:17","Thanks to all of the teachers, parents, and students who joined me in Billings today to rally for our public schools. #mtpol #mtgov https://t.co/nQdJ07FVNu","","7","9"
"Bullock","Bullock_campaign","789162796604764160","2016-10-20 17:54:07","""This issue for me is that it is not about politics, it's actually personal."" #mtpol #mtgov
https://t.co/3LceZ5ZONJ","","3","6"
"Bullock","Bullock_campaign","788890115468767232","2016-10-19 23:50:35","I‚Äôll continue to stand with teachers, parents, and kids all across the state as we fight for our public schools. #mtpol #mtgov https://t.co/RAzJxjpfC1","","8","17"
"Bullock","Bullock_campaign","788826423632941056","2016-10-19 19:37:29",".@helenaironline: ""Bullock deserves another term as governor."" #mtpol #mtgov
https://t.co/pmYlzhtSkb https://t.co/g5CzL4kTIE","","2","8"
"Bullock","Bullock_campaign","788797018961420288","2016-10-19 17:40:39","@MTstandard: ""Steve Bullock deserves your vote ‚Äî once more ‚Äî for governor."" #mtpol #mtgov
https://t.co/XN4cxKw1qd https://t.co/dBlaM7QBUw","","5","8"
"Bullock","Bullock_campaign","788481613252263936","2016-10-18 20:47:20","I will always defend public access. The outdoors are for all of us to love and you don't need special permission. #mtpol #mtgov https://t.co/RUURAJscow","","10","9"
"Bullock","Bullock_campaign","788127649365303296","2016-10-17 21:20:48","There are just 21 days to go until Election Day! You can sign up to help at https://t.co/O3FKhLetbL. #mtpol #mtgov https://t.co/1FfhqYOeyR","","0","1"
"Bullock","Bullock_campaign","788085367924678656","2016-10-17 18:32:48","A quality public education is one our greatest equalizers. #mtpol #mtgov https://t.co/u0WZ5Lb1QN","","3","7"
"Bullock","Bullock_campaign","787777088581316609","2016-10-16 22:07:48","""Elections really are about people talking to people and that's what makes a difference."" #mtpol #mtgov 
https://t.co/Di3BIQlWeJ","","3","6"
"Bullock","Bullock_campaign","787734064274939904","2016-10-16 19:16:50","Thank you for your endorsement, @bozchron. #mtpol #mtgov
https://t.co/e054CT8P7w https://t.co/GABh2r8oXV","","11","14"
"Bullock","Bullock_campaign","787722627917819904","2016-10-16 18:31:24","Thank you for your endorsement, @billingsgazette. #mtpol #mtgov
https://t.co/wR4JW3Fo2A https://t.co/8DgnPY7KKW","","4","10"
"Bullock","Bullock_campaign","787419185462714368","2016-10-15 22:25:38","It was a beautiful day knocking doors with my son Cam in Great Falls &amp; visiting with Montanans about keeping our state great. #mtpol #mtgov https://t.co/OIFjVoWpYE","","12","33"
"Bullock","Bullock_campaign","787384011974782976","2016-10-15 20:05:51","You don't have to be a millionaire to love Montana. Opportunity belongs to all of us. #mtpol #mtgov
https://t.co/057wmKjGAg","","5","11"
"Bullock","Bullock_campaign","786671213355696129","2016-10-13 20:53:27","Cooney gave an important civics lesson to young voters in Butte yesterday. #mtpol #mtgov 
https://t.co/gQ9rBpBujt","","1","4"
"Bullock","Bullock_campaign","786310029175513088","2016-10-12 20:58:14",".@MonicaLindeen and I kicked off early voting this morning with MSU Bozeman students. #mtpol #mtgov https://t.co/TKiL4JKmFG","","4","12"
"Bullock","Bullock_campaign","786268498418765825","2016-10-12 18:13:12","‚ÄúThe Obama administration continues to push what I think is a real misguided effort, this Real ID Act.‚Äù #mtpol
https://t.co/MdXvSSOV41","","0","2"
"Bullock","Bullock_campaign","785932719838466048","2016-10-11 19:58:56","Early voting starts today! You can vote early or drop off your absentee ballot at your county elections office through Election Day #mtpol","","5","13"
"Bullock","Bullock_campaign","785226464689991680","2016-10-09 21:12:32","Montana was a great place for me growing up. It's even better now and I want to make it better for future generations. #mtpol https://t.co/iabfWdPvPD","","15","21"
"Bullock","Bullock_campaign","784926955166511105","2016-10-09 01:22:24","Montana was a gift for me growing up. I‚Äôm working to keep it that way for future generations. #mtpol https://t.co/PIQdLei6nq","","7","9"
"Bullock","Bullock_campaign","784925504038064129","2016-10-09 01:16:38","Montana household and personal income growth is growing &amp; more Montanans are working than ever before. #mtpol","","4","5"
"Bullock","Bullock_campaign","784923515824644097","2016-10-09 01:08:44","I insisted on leaving money in the bank both sessions, which is why Montana stays in the black. #mtpol","","6","8"
"Bullock","Bullock_campaign","784919870882275328","2016-10-09 00:54:14","My Energy Blueprint responsibly invests in opportunities for our state‚Äôs future and protects Montana jobs. #mtpol https://t.co/RSHa6Ek6wV","","7","9"
"Bullock","Bullock_campaign","784919680188190722","2016-10-09 00:53:29","I‚Äôve brought folks of all stripes together to create an Energy Blueprint that is best for Montana‚Äôs future. #mtpol","","5","5"
"Bullock","Bullock_campaign","784919005572190208","2016-10-09 00:50:48","Healthcare decisions should stay between a woman, her family, her doctor, and her faith. #mtpol","","8","9"
"Bullock","Bullock_campaign","784918510954696704","2016-10-09 00:48:50","Access to public lands is a Montana value. #mtpol https://t.co/7Yg2b1R1hP","","7","7"
"Bullock","Bullock_campaign","784916833459593216","2016-10-09 00:42:10","I always have and always will stand up to protect access to our cherished public lands. #mtpol","","6","7"
"Bullock","Bullock_campaign","784914550705369088","2016-10-09 00:33:06","I have a long record of standing up for Montana values. #mtpol 
https://t.co/hSdVkL0wqS","","5","3"
"Bullock","Bullock_campaign","784913424354422785","2016-10-09 00:28:38","My vision is to make our state stronger now and for future generations. #mtpol","","1","2"
"Bullock","Bullock_campaign","784824688291614720","2016-10-08 18:36:01","It's debate day! Show Steve your support and watch the debate broadcast live on MTN channels statewide at 6:00PM. #mtpol https://t.co/578CKKn9XZ","","2","4"
"Bullock","Bullock_campaign","784520812250406912","2016-10-07 22:28:31","A statewide general sales tax isn't a good idea for Montana, and it never will be. #mtpol #mtgov https://t.co/aW7EeXokFB","","0","4"
"Bullock","Bullock_campaign","784492343390896128","2016-10-07 20:35:24","It was an honor to speak at the Federation of State &amp; Provincial Fire Fighters convention. Thank you IAFF for your endorsement! #mtpol https://t.co/mxmBDEiCTq","","5","5"
"Bullock","Bullock_campaign","784152713697243136","2016-10-06 22:05:50","Mike was in Great Falls today with small business owners to discuss how a statewide general sales tax hurts hard-working Montanans. #mtpol https://t.co/nnW4gstSWx","","1","3"
"Bullock","Bullock_campaign","783741073273126912","2016-10-05 18:50:07","A statewide general sales tax would hurt hard-working Montanans across our state. Let's end this discussion for good. #mtpol #mtgov https://t.co/nAbxkDYZGz","","2","10"
"Bullock","Bullock_campaign","783403768599629824","2016-10-04 20:29:48","Yesterday I unveiled a proposal to ban a general statewide sales tax. Let's end the debate on a statewide sales tax for good. #mtpol #mtgov https://t.co/7VtenhPBfH","","4","10"
"Bullock","Bullock_campaign","782717606734082048","2016-10-02 23:03:14","As my daughter Caroline says, equal opportunities should always come with equal pay. #mtpol #mtgov 
https://t.co/l0QqIhamha https://t.co/VhQe7MMj65","","11","20"
"Bullock","Bullock_campaign","782653199287148544","2016-10-02 18:47:18","Thanks for the great weekend, Griz Nation! #WeAreMontana #GoGriz #mtpol #mtgov https://t.co/RMFnExhYXq","","3","12"
"Bullock","Bullock_campaign","782248530316374021","2016-10-01 15:59:17","Happy UM Homecoming! Go Griz! #WeAreMontana #mtpol #mtgov https://t.co/hEz9qYSTFM","","7","12"
"Bullock","Bullock_campaign","781942635715923968","2016-09-30 19:43:46","Our Montana Veterans truly are Montana‚Äôs Treasure. #mtpol #mtgov
https://t.co/pR4ccQ8WjK","","5","7"
"Bullock","Bullock_campaign","781918438788784129","2016-09-30 18:07:37","Mike spent the day in Havre on Wednesday to discuss infrastructure needs and building the economy. #mtpol #mtgov
https://t.co/zLLnN4gH2Q","","1","2"
"Bullock","Bullock_campaign","781260759934304257","2016-09-28 22:34:14","When the sun shines in Montana, that's when we prepare for a rainy day. #mtpol #mtgov
https://t.co/OVVTS7kJTq https://t.co/Zfwv7pDvnE","","11","21"
"Bullock","Bullock_campaign","781235576812900353","2016-09-28 20:54:10","‚ÄúThis is more than just something for folks from other states to enjoy, it‚Äôs a big part of our economy."" #mtpol
https://t.co/Byxtc02nYi","","1","2"
"Bullock","Bullock_campaign","780905272394993664","2016-09-27 23:01:40","Butte's wastewater upgrade ""benefits the local economy and all communities downstream."" #mtpol #mtgov
https://t.co/h3o4JKShI8","","4","5"
"Bullock","Bullock_campaign","780839485672009728","2016-09-27 18:40:15","Happy National Voter Registration Day! #mtpol #mtgov #iRegistered https://t.co/OjMTjW7GKA","","13","14"
"Bullock","Bullock_campaign","780125664741515264","2016-09-25 19:23:47","Mike and I had a great time cheering on the Bobcats yesterday with students and alumni! #GoCatsGo #mtpol #mtgov https://t.co/CtYjQwmnaN","","4","10"
"Bullock","Bullock_campaign","779812791343382529","2016-09-24 22:40:32","Happy #NPLD! I'm honored to earn the endorsement of OIA &amp; will always fight to keep public lands in public hands. #mtpol #mtgov https://t.co/nMxx9p24Dw","","7","11"
"Bullock","Bullock_campaign","779719319844364289","2016-09-24 16:29:06","#TeamBullock in the house to cheer on the Cats. #GoCatsGo #mtpol #mtgov https://t.co/tZWrgGgsaY","","7","14"
"Bullock","Bullock_campaign","779430310672871424","2016-09-23 21:20:41","We have great opportunities in MT to train workers and grow our economy. Check out this highlight from Monday night's debate. #mtpol #mtgov https://t.co/QsTwUheQHu","","4","4"
"Bullock","Bullock_campaign","779085241864466432","2016-09-22 22:29:31","Infrastructure is a top priority next legislative session. #mtpol #mtgov
https://t.co/2k9RvLKmJW","","3","7"
"Bullock","Bullock_campaign","779012196504186880","2016-09-22 17:39:15","""This presents us with an opportunity to invest in Montana workers."" #mtpol #mtgov
https://t.co/TDbX3op3Os","","0","2"
"Bullock","Bullock_campaign","778715964460244993","2016-09-21 22:02:08","It was an honor to stand with Tribal leaders today and humbly accept their endorsement for my re-election. #mtpol #mtgov https://t.co/sXUxlhTsG0","","13","20"
"Bullock","Bullock_campaign","778050603608006656","2016-09-20 01:58:14","We‚Äôre increasing career &amp; earning opportunities for Montanans through employee on-the-job training and apprenticeships. #mtpol","","1","3"
"Bullock","Bullock_campaign","778049436861607938","2016-09-20 01:53:35","Moving forward, I propose to create the Build Montana Trust to meet infrastructure needs for future generations. #mtpol","","3","1"
"Bullock","Bullock_campaign","778049312328515585","2016-09-20 01:53:06","I‚Äôve rolled out a plan to invest in infrastructure, create jobs, and to address the immediate needs of Montana communities. #mtpol","","5","2"
"Bullock","Bullock_campaign","778049221987405825","2016-09-20 01:52:44","Infrastructure is a top priority next legislative session. #mtpol https://t.co/5ar5jD4pWv","","6","0"
"Bullock","Bullock_campaign","778045095551524864","2016-09-20 01:36:20","I‚Äôm committed to the responsible and sustainable development of all of our energy resources. #mtpol","","6","2"
"Bullock","Bullock_campaign","778043937030144000","2016-09-20 01:31:44","My Energy Blueprint for MT calls for increased energy efficiency, while maintaining our coal reserve and protecting Montana jobs. #mtpol","","9","8"
"Bullock","Bullock_campaign","778042236013465600","2016-09-20 01:24:59","I have made record investments in our kids‚Äô public schools, and we‚Äôve also seen record results. #mtpol","","3","2"
"Bullock","Bullock_campaign","778041977006718976","2016-09-20 01:23:57","Montana is the most fiscally prudent state in the country. It didn‚Äôt happen by accident, it happened by design. #mtpol https://t.co/ceobaktec8","","9","7"
"Bullock","Bullock_campaign","778039189128433664","2016-09-20 01:12:52","As a Montanan, I will always value, protect, and strongly defend the constitutional right to responsible gun ownership. #mtpol","","6","3"
"Bullock","Bullock_campaign","778038712756166656","2016-09-20 01:10:59","All Montanans are entitled to freedom from discrimination. #mtpol https://t.co/LOK6PSo1SB","","6","5"
"Bullock","Bullock_campaign","778037540699766784","2016-09-20 01:06:19","For 4 straight years, Montana has been the top state for entrepreneurial activity and start up businesses. #mtpol https://t.co/4SSpxaK3DI","","7","7"
"Bullock","Bullock_campaign","777949659847208961","2016-09-19 19:17:07","Tune in to tonight's debate and help cheer on Steve! #mtpol https://t.co/ty8cLnFcU0","","4","5"
"Bullock","Bullock_campaign","777233643806728192","2016-09-17 19:51:55","This is great news, but we're not done yet. Let's keep working to put more money in the pockets of Montanans. #mtpol https://t.co/9UYu242KK5","","4","3"
"Bullock","Bullock_campaign","776830337011724288","2016-09-16 17:09:19","‚ÄúVeterans served our state and our nation, we need to make sure they‚Äôre getting the services they need.‚Äù #mtpol
https://t.co/nC8pOiH7IA","","0","2"
"Bullock","Bullock_campaign","776503041004494848","2016-09-15 19:28:46","Last session, I brought Republicans and Democrats together to bring home our taxpayer dollars. #mtpol #mtgov https://t.co/eebeM2X1LA","","4","4"
"Bullock","Bullock_campaign","776168949280935936","2016-09-14 21:21:12","Congrats to Montana's 138 centenarians! #mtpol #mtgov 
https://t.co/rtpLJwAW49","","1","2"
"Bullock","Bullock_campaign","776108813522919424","2016-09-14 17:22:15","Next session we will make transparency pricing a reality. #mtpol #mtgov @JesseLaslovich https://t.co/3qdSxMhxH7","","3","11"
"Bullock","Bullock_campaign","775854451429023745","2016-09-14 00:31:30","It's no accident that MT is the most fiscally prudent state in the nation. Check out our latest ad! #mtpol #mtgov https://t.co/SCCkEqEn1b","","11","17"
"Bullock","Bullock_campaign","775750115877199872","2016-09-13 17:36:55","""Montana kids, families and communities always deserve the best health care available."" #mtpol #mtgov
https://t.co/Up02d0VMMR","","1","7"
"Bullock","Bullock_campaign","775456711012265984","2016-09-12 22:11:01","Thanks to all of our volunteers around the state who participated in the Weekend of Action! #mtpol #mtgov https://t.co/Og78Oqyes2","","3","10"
"Bullock","Bullock_campaign","775392108576333824","2016-09-12 17:54:19","Mike had a great time speaking with MT teachers &amp; families at the Great Falls Education Association picnic. #mtpol https://t.co/wLWqLiD26A","","1","1"
"Bullock","Bullock_campaign","774360225667092480","2016-09-09 21:33:59","Apprenticeships create a stronger workforce &amp; put more money in the pockets of Montanans: https://t.co/YpB3NZJ7Hv #mtpol #mtgov","","3","3"
"Bullock","Bullock_campaign","774311954189922304","2016-09-09 18:22:10","Thanks to the work of Montanans, our state‚Äôs economy is strong and getting stronger every day. #mtpol #mtgov 
https://t.co/1RVR5mLard","","1","3"
"Bullock","Bullock_campaign","773941525881290752","2016-09-08 17:50:13","An investment in our workers is an investment in our growing economy #mtpol #mtgov
https://t.co/cY0BPh8wtq","","1","4"
"Bullock","Bullock_campaign","773614788261715968","2016-09-07 20:11:53","Montana continues to be a great place to start a business and raise a family. #mtpol #mtgov https://t.co/3sGtiHSL44","","12","11"
"Bullock","Bullock_campaign","773207569250693120","2016-09-06 17:13:44","Check out our latest ad to learn more how I've helped local Montana businesses create jobs. #mtpol #mgov https://t.co/CMrBpEQ33q","","3","5"
"Bullock","Bullock_campaign","772888389259436033","2016-09-05 20:05:26","Happy #LaborDay! Mike and I will always stand with and support Montana workers. 
#mtpol #mtgov https://t.co/k4SGW2PP1N","","3","6"
"Bullock","Bullock_campaign","772141361529131008","2016-09-03 18:37:00","The great equalizer that we have can make a difference in people's lives. #mtpol #mtgov https://t.co/6u7oMF1k8u","","3","5"
"Bullock","Bullock_campaign","771805958380982272","2016-09-02 20:24:14","Thanks to the Montana teachers who rallied with us this week to protect public education! @Romano4MT #mtpol #mtgov https://t.co/xpnunF0XpH","","6","9"
"Bullock","Bullock_campaign","771507531348791296","2016-09-02 00:38:24","I fight for public education because like most Montanans, I‚Äôm thankful for the public education I received. #mtpol
https://t.co/NTTTRdth3R","","4","2"
"Bullock","Bullock_campaign","771115782814044161","2016-08-31 22:41:43","""It's so important to get kids off to the right start."" #mtpol #mtgov 
https://t.co/kH2cVlbwqZ","","2","2"
"Bullock","Bullock_campaign","771038979005091840","2016-08-31 17:36:32","Mike Cooney had a great time visiting with students on the UM campus yesterday! #mtpol #mtgov https://t.co/hcu83ayS7t","","1","1"
"Bullock","Bullock_campaign","770723179136376832","2016-08-30 20:41:39","As we send our kids back to school, let‚Äôs remember that public education is a cornerstone of our communities. #mtpol https://t.co/M1xnnZiVBf","","1","9"
"Bullock","Bullock_campaign","769608239226859520","2016-08-27 18:51:17","The Ninepipe Conservation area is a prime example of what can be accomplished through State-Tribal agreements #mtpol
https://t.co/HlGHJ5RJSH","","1","3"
"Bullock","Bullock_campaign","769294383485112320","2016-08-26 22:04:08","MT remains the best place to start a business. 4th year in a row, we are #1 in entrepreneurial activity! #mtpol
https://t.co/oTUeiXPwMG","","0","1"
"Bullock","Bullock_campaign","769248054557814784","2016-08-26 19:00:02","‚ÄúWe have a lot of work to do to make sure America‚Äôs best idea is never sidelined"" #mtpol #mtgov 
https://t.co/tuJdgQqWF8","","5","7"
"Bullock","Bullock_campaign","768861599608086528","2016-08-25 17:24:24","Happy 100th Anniversary to the National Park Service! #NPS100 #mtpol #mtgov https://t.co/cqH9Gdnt2O","","5","11"
"Bullock","Bullock_campaign","768527719025905664","2016-08-24 19:17:41","Protecting this river and the jobs it supports is important to everyone. #mtpol #mgov
https://t.co/AB9WuLdLQK","","1","5"
"Bullock","Bullock_campaign","768209548830056449","2016-08-23 22:13:23","The latest numbers show that MT continues to have strong job growth &amp; low unemployment: https://t.co/UJRFoa5ifg
#mtpol #mtgov","","4","6"
"Bullock","Bullock_campaign","768164182151667712","2016-08-23 19:13:07","MT is ranked 5th in the country for best community college system: 
https://t.co/M5myu9uwcc #mtpol #mtgov","","0","0"
"Bullock","Bullock_campaign","767789438218801152","2016-08-22 18:24:01","This weekend I had the opportunity to keynote the @MTYPSummit in Great Falls. #mtpol #mtypsummit #visitgreatfalls
https://t.co/mF3Q95trPm","","0","4"
"Bullock","Bullock_campaign","767442368362536960","2016-08-21 19:24:53","Let's continue our strong gov't-to-gov't relationships to support Native-owned businesses &amp; create more jobs. #mtpol https://t.co/IqwqpgqmwE","","1","7"
"Bullock","Bullock_campaign","766767089335926784","2016-08-19 22:41:34","A good public education is one of our state's great equalizers.
#mtpol #mtgov https://t.co/jij0p3Kati","","2","7"
"Bullock","Bullock_campaign","766364717543661569","2016-08-18 20:02:41","I have a long record of standing up for Montana values. Check out our latest ad! #mtpol #mtgov
https://t.co/hSdVkL0wqS","","9","11"
"Bullock","Bullock_campaign","766353638016942080","2016-08-18 19:18:40","We've accomplished a lot through gov't-to-gov't relationships, but there's still more to be done. #mtgov #mtpol https://t.co/jSymFlFcV9","","1","5"
"Bullock","Bullock_campaign","766046710820769792","2016-08-17 22:59:02","Yesterday I announced my @westgov forest and rangeland initiative. Read more about it here: https://t.co/8SjnrqjT9N #mtpol #mtgov","","3","5"
"Bullock","Bullock_campaign","765999237918134272","2016-08-17 19:50:24","Today I begin a 2 week Tribal Nation tour. Looking forward to strengthening opportunities in Indian Country. #mtpol https://t.co/3yg30wGbIT","","4","8"
"Bullock","Bullock_campaign","765684843455713280","2016-08-16 23:01:07","With a strong rainy day fund, we stand ready to respond to fires &amp; invest in forest restoration #mtpol #mtgov https://t.co/CbBASU2PSa","","0","3"
"Bullock","Bullock_campaign","765625011394613249","2016-08-16 19:03:21","Let's keep working to ensure that all Montanans have full access to public lands 
https://t.co/3MAFPUQwbz #mtpol #mtgov #keepitpublic","","3","6"
"Bullock","Bullock_campaign","765257472848171008","2016-08-15 18:42:53","Efforts like MSM have helped create opportunities for Montana's forest management &amp; timber industry: https://t.co/G5DVmLsp8o #mtpol #mtgov","","0","2"
"Bullock","Bullock_campaign","764859480920039429","2016-08-14 16:21:25","Happy Anniversary Social Security! I'll continue to make sure this act protects hard-working Montanans #mtpol #mtgov https://t.co/67AkcphJh6","","0","3"
"Bullock","Bullock_campaign","764202647851118592","2016-08-12 20:51:24","I hope you can make time this weekend to enjoy Montana's great outdoors w/ your friends &amp; loved ones. #mtpol #mtgov https://t.co/KdcCgeHXx5","","5","13"
"Bullock","Bullock_campaign","763869382283960320","2016-08-11 22:47:07","On this #TBT, take a look back at what we've accomplished over the years to begin to close the wage gap! #mtpol https://t.co/LiS2NqGCEP","","5","5"
"Bullock","Bullock_campaign","763066037843533824","2016-08-09 17:34:55","Access to the public lands we all value is one of our great equalizers. https://t.co/IwQATeogmG #MTpol #MTgov","","0","3"
"Bullock","Bullock_campaign","761625256024879104","2016-08-05 18:09:46","Closing the wage gap for MT women not only boosts their earning potential, it strengthens MT working families https://t.co/PMAKBG1tVi #MTpol","","4","3"
"Bullock","Bullock_campaign","761330733734514688","2016-08-04 22:39:26","Happy #StartUpDay! Montana is the #1 state for entrepreneurial activity for the third year in a row. Let's keep it that way! #MTpol","","0","1"
"Bullock","Bullock_campaign","761264250681647105","2016-08-04 18:15:15","To me, good jobs &amp; schools, access to pub lands aren't political issues- they're personal. Watch our first ad #mtpol https://t.co/eM4E21rcxX","","8","11"
"Bullock","Bullock_campaign","761215903740534784","2016-08-04 15:03:08","Paycheck fairness is an issue that matters to all Montanans. https://t.co/vswBAyJaFq #mtpol","","0","0"
"Bullock","Bullock_campaign","760489323409977349","2016-08-02 14:55:58","Seventy-four percent is not acceptable. Let's work together to close the wage gap in Montana. https://t.co/xpWHDm8Xly #mtpol","","0","3"
"Bullock","Bullock_campaign","759876225762402305","2016-07-31 22:19:44","Thanks 2 all the volunteers like Colleen 4 knocking doors across MT during our 100 Days Out Weekend of Action #mtpol https://t.co/oJrDdb6zoq","","2","4"
"Bullock","Bullock_campaign","759173647395282944","2016-07-29 23:47:56","I have a long history working to keep unlimited &amp; unreported dark $ out of MT. The stakes are high in Nov. https://t.co/kydtDQGITq #mtpol","","1","2"
"Bullock","Bullock_campaign","758348717653053440","2016-07-27 17:09:58","Investing in infrastructure creates jobs and grows our economy. https://t.co/TA7yg63Zh5 #mtpol","","2","1"
"Bullock","Bullock_campaign","757634221477244928","2016-07-25 17:50:49","In Montana, we don't need permission to lawfully access our public lands. Get your Don't Need Permission slip today! https://t.co/mQVY7Redfl","","0","2"
"Bullock","Bullock_campaign","756305882485448704","2016-07-22 01:52:28","My plan makes it easier for businesses all across the state to grow and expand and create good-paying jobs #mtpol https://t.co/KBC3Tu00dg","","1","0"
"Bullock","Bullock_campaign","755944697038721024","2016-07-21 01:57:15","A big thanks to the Broadwater County Democrats for the spaghetti picnic! #mtpol #mtgov https://t.co/ijXgOrj0Ge","","2","3"
"Bullock","Bullock_campaign","755888142482223105","2016-07-20 22:12:31","As our economy continues to grow, we need to double down on our efforts to strengthen small businesses. #mtpol https://t.co/2KxA7J5K7P","","0","0"
"Bullock","Bullock_campaign","755772503566327809","2016-07-20 14:33:01","Supporting Montana's small businesses supports Montana's strong economy. 
https://t.co/QTW6oITyVM #mtpol #mtgov","","2","2"
"Bullock","Bullock_campaign","753690487228207104","2016-07-14 20:39:49","The growing successes of Montana's small businesses are an important part of our strong economy. #mtpol #mtgov https://t.co/tPaWrnXMLK","","2","1"
"Bullock","Bullock_campaign","752925950698921984","2016-07-12 18:01:49","Working on forestry with industry leaders and Montanans of all stripes is a key priority. #mtpol #morelogsontrucks https://t.co/3G4JEd5GKO","","3","2"
"Bullock","Bullock_campaign","750027430786502656","2016-07-04 18:04:08","Happy Fourth of July from Butte, America! üá∫üá∏ https://t.co/bmqiwT3v40","","2","6"
"Bullock","Bullock_campaign","749365858154139648","2016-07-02 22:15:17","Always a fun parade in Livingston! Happy Fourth of July weekend! #mtpol https://t.co/y3AGG3kTGI","","0","3"
"Bullock","Bullock_campaign","748245615616745472","2016-06-29 20:03:51","Today's #whopperwednesday takes a look back at Sunday's exchange on public stream access. #mtpol #DontNeedPermisson https://t.co/73GqPddkNX","","6","5"
"Bullock","Bullock_campaign","747093349924900864","2016-06-26 15:45:09","My infrastructure plan will create jobs, grow the economy, and build Montana. #mtpol https://t.co/KPxkcowLrf","","1","8"
"Bullock","Bullock_campaign","747091917343645696","2016-06-26 15:39:28","One of the first things I did in office was create the Equal Pay for Equal Work Task Force. #mtpol","","1","5"
"Bullock","Bullock_campaign","747091704004501504","2016-06-26 15:38:37","Equal pay for equal work is a Montana value #mtpol https://t.co/jrM6BDm5o4","","4","16"
"Bullock","Bullock_campaign","747089951938879489","2016-06-26 15:31:39","We owe our kids the very best in public education, and higher education, so they can stay here and raise their families here #mtpol","","1","6"
"Bullock","Bullock_campaign","747088442845102085","2016-06-26 15:25:39","As a Montanan I value our constitutional right to responsible gun ownership. I will protect it and I strongly defend it. #mtpol","","1","2"
"Bullock","Bullock_campaign","747087942124920833","2016-06-26 15:23:40","When it comes to the transfer of public lands, my answer is simple: ‚Äúnot on my watch‚Äù #mtpol https://t.co/LAutfEYniD","","1","5"
"Bullock","Bullock_campaign","747085185405988864","2016-06-26 15:12:43","I have a balanced, forward-thinking energy plan for Montana https://t.co/IVcqe9Nw74 #mtpol","","2","4"
"Bullock","Bullock_campaign","747084186738032640","2016-06-26 15:08:44","Montana has the 6th fastest wage growth in the country #mtpol","","2","4"
"Bullock","Bullock_campaign","743531096030097409","2016-06-16 19:50:02","‚ÄúNot on my watch will we be selling off public lands‚Äù  https://t.co/x7qs4Wt2Lg #mtpol #keepitpublic","","1","4"
"Bullock","Bullock_campaign","743163759342952448","2016-06-15 19:30:22","I will always put the best interests of Montanans first. https://t.co/Ib38W2CS4h #mtpol #mtgov","","1","0"
"Bullock","Bullock_campaign","741463975905218560","2016-06-11 02:56:02","Great time at the Montana Democrats block party! #mtpol https://t.co/ljBvhDJrKr","","1","4"
"Bullock","Bullock_campaign","740386674874552320","2016-06-08 03:35:13","Thankful 4 Montanans who continue to trust in our work to fight for MT values &amp; get things done for our state #mtpol https://t.co/iEVZS5tzhk","","2","3"
"Bullock","Bullock_campaign","740206939771002880","2016-06-07 15:41:01","Voted with my kids this AM. This election is about keeping MT great for future generations! Remember to vote! #mtpol https://t.co/0RhGyiC6dq","","6","13"
"Bullock","Bullock_campaign","740023339977052161","2016-06-07 03:31:27","Incredible turnout of volunteers in Helena! #mtpol https://t.co/BLnU5T5efY","","1","2"
"Bullock","Bullock_campaign","739663521890193409","2016-06-06 03:41:40","Had a great time in Butte, America meeting more enthusiastic volunteers! #mtpol https://t.co/akxfW6vObR","","0","4"
"Bullock","Bullock_campaign","739211822474002432","2016-06-04 21:46:47","Amazing volunteers in Great Falls ready to win! #mtpol https://t.co/EmUtNR2DXO","","1","4"
"Bullock","Bullock_campaign","739127857062940672","2016-06-04 16:13:08","Great to see so many energized volunteers in Billings this AM! #mtpol https://t.co/m77jITSTgT","","1","4"
"Bullock","Bullock_campaign","738154434543292417","2016-06-01 23:45:06","Had a great time meeting the new @MTDems grassroots field team! #mtpol https://t.co/969Lm5exDO","","2","7"
"Bullock","Bullock_campaign","738126628866297857","2016-06-01 21:54:36","Helping Montana students earn a college degree strengthens our communities and our economy. https://t.co/LhYOkrdh9W #mtpol","","0","2"
"Bullock","Bullock_campaign","737320248307646464","2016-05-30 16:30:20","Today we remember the brave men and women who gave their lives in service to our country. We thank you. #mtpol","","1","3"
"Bullock","Bullock_campaign","736278415511191552","2016-05-27 19:30:28","Homegrown, Montana energy provides good paying jobs for Montana families https://t.co/j10ZINiFVg #mtpol #mtgov","","2","1"
"Bullock","Bullock_campaign","735850347227275264","2016-05-26 15:09:28","Let's get infrastructure done for Miles City and all of Montana #mtpol #mtgov  https://t.co/1AHSyr0qfw","","0","3"
"Bullock","Bullock_campaign","734839823509258241","2016-05-23 20:14:01","""Training tomorrow's workforce, today."" #mtpol #mtgov https://t.co/suWqfYUWrw","","0","0"
"Bullock","Bullock_campaign","733375846002655235","2016-05-19 19:16:41","I had great discussions in Missoula about our state's energy future. Learn more here: https://t.co/6otrfZR2YH #MTpol #MTgov","","2","1"
"Bullock","Bullock_campaign","732359672556969984","2016-05-16 23:58:47","Another important step in making sure Montanans can continue to access our public lands. https://t.co/6wLhwbJLoA #mtpol #keepitpublic","","1","0"
"Bullock","Bullock_campaign","731235008564727808","2016-05-13 21:29:46","#FF to @MTVoters. Thank you for your endorsement, and for always standing up for public stream access https://t.co/beFkbV6y9J #mtpol #mtgov","","6","12"
"Bullock","Bullock_campaign","730881887518916608","2016-05-12 22:06:35","Access to Montana's public lands and streams are a fundamental part of our outdoor heritage. #mtpol #mtgov https://t.co/k63T2Psied","","11","17"
"Bullock","Bullock_campaign","730522053544009728","2016-05-11 22:16:44","Proud to have cut the business equipment tax for all of MT's businesses and eliminated it for thousands https://t.co/21OD9eeKk1 #mtpol","","2","3"
"Bullock","Bullock_campaign","729826584190844928","2016-05-10 00:13:11","Just a reminder: ""Not on my watch!"" #mtpol #mtgov https://t.co/qLgU5Ohx0I","","3","5"
"Bullock","Bullock_campaign","729452287131721728","2016-05-08 23:25:52","I'd like to wish all the moms out there (including my own) a very happy Mother's Day! Thank you for all of your hard work and sacrifice.","","0","2"
"Bullock","Bullock_campaign","728379010044944402","2016-05-06 00:21:03","Great to see so many veterans in Butte yesterday. Let's build Montana, create jobs and grow the economy! https://t.co/CbIIRAAbSW #mtpol","","1","4"
"Bullock","Bullock_campaign","727961229663207424","2016-05-04 20:40:56","Lets keep working to close the wage gap and grow Montana's economy!  https://t.co/6bduP4spJk #mtpol","","1","1"
"Bullock","Bullock_campaign","727607202182090752","2016-05-03 21:14:09","Thank you to the Equal Pay for Equal Work Task Force. Your work supports MT women &amp; our growing economy. https://t.co/Npj6jx2CTl #mtpol","","0","0"
"Bullock","Bullock_campaign","727547086405672960","2016-05-03 17:15:17","Today is #TeacherAppreciationDay! Who is a teacher that inspired you as a student? #mtpol","","1","1"
"Bullock","Bullock_campaign","727209585048588288","2016-05-02 18:54:10","As governor and as a father, it is unacceptable that pay disparity still exists. https://t.co/dDcY4ZlCAq #mtpol #mtgov","","0","5"
"Bullock","Bullock_campaign","726096133659889666","2016-04-29 17:09:43","Read more about yesterday's announcement to build Montana, create jobs, and grow the economy https://t.co/KIrXwrwSE9 #mtpol #mtgov","","1","3"
"Bullock","Bullock_campaign","725803992735879168","2016-04-28 21:48:51","My #1 priority for the 2017 session: invest in infrastructure across Montana. https://t.co/69hxkOirbg #mtpol #mtjobs #mtgov","","1","1"
"Bullock","Bullock_campaign","725783053335814145","2016-04-28 20:25:38","Honored to have the endorsement of our fire fighters. #mtpol #mtgov  https://t.co/tyqLhJvE1a","","1","4"
"Bullock","Bullock_campaign","725072926949646336","2016-04-26 21:23:51","Was honored to speak to so many bright and talented students at the Native Youth Conference https://t.co/PlsOxAc5A5 #mtpol #mtgov","","0","3"
"Bullock","Bullock_campaign","725020319744974853","2016-04-26 17:54:49","We need to keep working to prepare our students for the jobs of tomorrow. https://t.co/P93eqFT49N #MTpol #MTgov","","0","1"
"Bullock","Bullock_campaign","720730419893633024","2016-04-14 21:48:17","Montana's farms come in all shapes and sizes and all contribute greatly to our growing economy! https://t.co/MNAAxCJUJu #mtpol #mtgov","","0","0"
"Bullock","Bullock_campaign","720700232917331968","2016-04-14 19:48:20","Tourism is an important part of Montana's economy. It's strong and getting stronger! https://t.co/JmFpRk3Wh3 #mtpol #mtgov","","1","1"
"Bullock","Bullock_campaign","720369680016211968","2016-04-13 21:54:50","Ensuring equal pay for equal work isn't just good for Montana's economy, it's the right thing to do. https://t.co/1bDWDkblyA #mtpol","","0","1"
"Bullock","Bullock_campaign","719973564103806976","2016-04-12 19:40:48","Women in MT deserve equal pay for equal work. Join me to say all Montanans deserve a fair wage! #EqualPayDay #mtpol https://t.co/P8gYg9kJKZ","","5","10"
"Bullock","Bullock_campaign","718552146233327616","2016-04-08 21:32:36","I introduced the MT Business Navigator to Butte yesterday. It's a 1 stop shop for our entrepreneurs! https://t.co/rpvMAd91oG #mtpol #mtgov","","1","4"
"Bullock","Bullock_campaign","718537722600620032","2016-04-08 20:35:17","Had a great time volunteering at Empty Bowls this week. Give @TFC_Helena a #FF! #mtpol","","1","2"
"Bullock","Bullock_campaign","718194838756143105","2016-04-07 21:52:47","Happy #NationalBeerDay! Our breweries are an important part of MT's thriving small biz sector. What is your favorite MT beer? #mtpol #mtgov","","2","2"
"Bullock","Bullock_campaign","718171226573709313","2016-04-07 20:18:58","An inclusive business environment creates a strong business environment. #mtpol #mtgov https://t.co/Lqn39dCSaF","","3","3"
"Bullock","Bullock_campaign","718149641758375936","2016-04-07 18:53:11","These investments will benefit MT for years, both from a health perspective and economically. https://t.co/ISG1mYxO0X #mtpol #mtgov","","0","1"
"Bullock","Bullock_campaign","717770904852242433","2016-04-06 17:48:13","Today is #406day! What do you love most about living in Montana? #mtpol #mtgov https://t.co/aRYSQbLu6y","","3","4"
"Bullock","Bullock_campaign","716062594142855168","2016-04-02 00:40:00","Great to see so many friends at #MTra16! Thank you for all the amazing work you do! #MTpol #MTgov https://t.co/wPcYqTbglo","","1","13"
"Bullock","Bullock_campaign","715589265682333696","2016-03-31 17:19:10","Our work to pass the bipartisan Disclose Act is earning Montana an ""A"" in transparency! https://t.co/OL9n7CUQry #mtpol #mtgov","","2","5"
"Bullock","Bullock_campaign","715250241595789312","2016-03-30 18:52:00","10k jobs were created in MT in 2015 &amp; more Montanans are in the workforce than ever before https://t.co/isJXpFK6LG #mtpol #whopperwednesday","","1","3"
"Bullock","Bullock_campaign","714585616776765440","2016-03-28 22:51:02","Discrimination drives away jobs and hurts economies. Montana is open for business! https://t.co/JXwaVLFDRH #mtpol","","4","7"
"Bullock","Bullock_campaign","714545835275526144","2016-03-28 20:12:57","Wages in Montana are making significant gains. Together, let's make sure our economy continues to grow! https://t.co/WsvmZGuIqa #mtpol","","0","1"
"Bullock","Bullock_campaign","712776751592517632","2016-03-23 23:03:14","Cutting red tape for Montana's entrepreneurs helps to continue our state's strong small business growth! #mtpol https://t.co/cM1frzVSZp","","1","3"
"Bullock","Bullock_campaign","712733412541370368","2016-03-23 20:11:02","Protecting access to public lands is a Montana value I'm always happy to celebrate. #mtpol #mtgov https://t.co/WJHJS2B3sc","","0","0"
"Bullock","Bullock_campaign","712078572727316480","2016-03-22 00:48:56","As I told the crowd Saturday night: we've made so much progress the last 3 years, &amp; we ain't done yet! #mtpol #mtgov https://t.co/jPrSJg4NdM","","1","3"
"Bullock","Bullock_campaign","712048028123799554","2016-03-21 22:47:33","A lot of my childhood memories were of enjoying Montana's incredible public lands. #mtpol https://t.co/a8xPvv1tLW","","3","4"
"Bullock","Bullock_campaign","711263530607976448","2016-03-19 18:50:14","l had a great time speaking to the @BigSkyDemocrats. Thanks for all that you do! #MM16 #mtpol https://t.co/ggikDaahvR","","1","5"
"Bullock","Bullock_campaign","710929251684392961","2016-03-18 20:41:56","Looking forward to tomorrow's Mansfield Metcalf dinner. RT if you are too! #mtpol #mtgov","","2","0"
"Bullock","Bullock_campaign","710908091328438273","2016-03-18 19:17:51","Have you heard? Montana has one of the lowest tax rates in the country. #mtpol #mtgov
https://t.co/qatSbV6I5g","","1","3"
"Bullock","Bullock_campaign","710885837290901504","2016-03-18 17:49:25","Had a great time celebrating St. Patrick's Day yesterday! #mtpol #mtgov https://t.co/O2tBuu33TE","","1","1"
"Bullock","Bullock_campaign","710555279801192448","2016-03-17 19:55:54","No better place to be on St. Patrick's Day than Butte, America. #mtpol https://t.co/G9nxOUSrq9","","7","7"
"Bullock","Bullock_campaign","708404682637582336","2016-03-11 21:30:12","Mike Cooney is right: Let's come together &amp; work as a team to make sure that MT's economy continues to grow https://t.co/VuQA7oHqyK #mtpol","","0","1"
"Bullock","Bullock_campaign","708356950803623940","2016-03-11 18:20:32","For my daughters and yours, I will never stop fighting to ensure women receive equal pay for equal work. https://t.co/RwUnOolLx1 #mtpol","","1","1"
"Bullock","Bullock_campaign","708315316921585665","2016-03-11 15:35:06","We can't kick up our feet and say job well done. We need to continue to create jobs and opportunity in MT. https://t.co/N1giGXQhmO #mtpol","","0","1"
"Bullock","Bullock_campaign","707627031270285313","2016-03-09 18:00:05","Montana's economy continues to grow. But we can't stop now, there is more work to do! #mtpol #mtgov https://t.co/9EBxqts6Cz","","2","1"
"Bullock","Bullock_campaign","707297291351171072","2016-03-08 20:09:49","More investments like the one in @philipsburgbrew adds to the value of our communities and creates jobs! https://t.co/RresOGEOw1 #mtpol","","0","2"
"Bullock","Bullock_campaign","706966337688502272","2016-03-07 22:14:44","Great Falls Tribune: Bullock touts small businesses and economic opportunities #mtpol #mtgov https://t.co/0XDXCYclh2","","0","1"
"Bullock","Bullock_campaign","705889584509399041","2016-03-04 22:56:06","What #montanamoment are you looking forward to this weekend? #mtpol","","0","1"
"Bullock","Bullock_campaign","705843511925436416","2016-03-04 19:53:01","A new poll shows that Montanans are least likely to want to leave for another state. Can't say I blame them! https://t.co/javy6w8tAR #mtpol","","2","7"
"Bullock","Bullock_campaign","705823788798062592","2016-03-04 18:34:39","The aviation industry is taking Montana's economy to new heights! https://t.co/aKaC2imYLN #mtpol","","1","0"
"Bullock","Bullock_campaign","705158334974861312","2016-03-02 22:30:22","""Don your cowboy hat!"" Montana was just named one of the best states in the nation to retire. https://t.co/e4vGYW4OuW #mtpol","","2","8"
"Bullock","Bullock_campaign","705088602909208576","2016-03-02 17:53:17","Thank you to all of our grassroots supporters who chipped in before Monday's $ deadline. We had a strong showing thanks to you! #mtpol","","0","0"
"Bullock","Bullock_campaign","704759443574038528","2016-03-01 20:05:19","I filed for reelection to continue the economic growth our state has seen over the past 3 years. https://t.co/jTmtrghhGV #mtpol","","0","4"
"Bullock","Bullock_campaign","704729279649550336","2016-03-01 18:05:28","This election is about what kind of Montana we create for our kids and our grandkids. #mtpol https://t.co/ljZfC03sIk","","2","1"
"Bullock","Bullock_campaign","704456610832187392","2016-03-01 00:01:58","Pleased to be asking Montanans for another term to keep building on our successes and I need you with me. https://t.co/7Hzuj2FTbg  #mtpol","","4","5"
"Bullock","Bullock_campaign","704448749955776512","2016-02-29 23:30:44","Pleased to file for reelection today w/ my family by my side. We must keep delivering for Montana families. #MTPol https://t.co/TnpXb9tfS6","","14","17"
"Bullock","Bullock_campaign","703300402502987776","2016-02-26 19:27:37","Was an exciting day in Columbia Falls! Creating good jobs and protecting our drinking water is a win-win. #mtpol https://t.co/ObBiO68ODt","","1","1"
"Bullock","Bullock_campaign","700005627188240384","2016-02-17 17:15:21","‚ÄúSmall businesses are a driving force in our state‚Äôs growing economy‚Äù https://t.co/d9n6BojeBp #mtpol","","2","3"
"Bullock","Bullock_campaign","699651116233920512","2016-02-16 17:46:39","AP: Economists express optimism about Montana‚Äôs economy https://t.co/dWZkLcFgAu #mtpol #mtgov","","0","1"
"Bullock","Bullock_campaign","697898817656492032","2016-02-11 21:43:39","It's busy everyday around here but you always have time for some good fudge. https://t.co/8v7ybNSE3e #mtpol","","0","0"
"Bullock","Bullock_campaign","697861482805997568","2016-02-11 19:15:17","MT‚Äôs health care industry continues to grow by leaps and bounds &amp; as a result is creating more high-wage jobs https://t.co/9n8GgjRYYp #mtpol","","1","2"
"Bullock","Bullock_campaign","697154662273675264","2016-02-09 20:26:38","Workforce training can help thousands of Montanans meet their dreams. #mtpol https://t.co/pCHZEZuaiJ","","0","1"
"Bullock","Bullock_campaign","695301157846056960","2016-02-04 17:41:28","Cutting red tape for small business growth is key to creating an even stronger economy. #mtpol https://t.co/2tVIIHgvQ3","","0","2"
"Bullock","Bullock_campaign","692460557404753920","2016-01-27 21:33:56","Last year Montana's economy added over 10k jobs and unemployment remained a point below the national average https://t.co/F8acsrhGU6 #mtpol","","0","1"
"Bullock","Bullock_campaign","692411755545370624","2016-01-27 18:20:01","A new report shows 7 years of economic growth in MT and is forecasting more for the future! https://t.co/CrFyWvKZTx #mtpol","","1","0"
"Bullock","Bullock_campaign","689925356401270784","2016-01-20 21:39:57","#1 most fair tax system, #5 in long term job growth, #6 in wage growth. RT if you're proud of MT's economic growth! #mtpol","","3","6"
"Bullock","Bullock_campaign","689901171528445954","2016-01-20 20:03:51","No one should be denied full and equal participation in our state‚Äôs workforce based on discrimination https://t.co/ZXcMPEIEuo #mtpol","","2","1"
"Bullock","Bullock_campaign","689880320615657472","2016-01-20 18:41:00","#1 for start-ups, #3 best to be a taxpayer, #6 for biz climate. RT if you're proud of MT's economic growth! #mtpol","","9","10"
"Bullock","Bullock_campaign","688066142695329792","2016-01-15 18:32:06","Talked to the Montana Chamber of Commerce about how strong our economy is and how we can continue to grow it https://t.co/qCc7fgu3a5 #mtpol","","1","2"
"Bullock","Bullock_campaign","688041260268044288","2016-01-15 16:53:14","The Montana Business Navigator will cut red tape and give Montanans the tools to start their own business! #mtpol https://t.co/Td5MR2Im7g","","1","2"
"Bullock","Bullock_campaign","687795816400986116","2016-01-15 00:37:55","Learn more about my visit to the 2016 Business Days, put on by the Montana Chamber of Commerce! https://t.co/TN3g7ng8DR #mtpol","","1","2"
"Bullock","Bullock_campaign","687794282174910465","2016-01-15 00:31:50","The Small Business Navigator will help cut red tape and continue to strengthen our growing economy. #mtpol https://t.co/DQTb6FYV1Q","","1","1"
"Bullock","Bullock_campaign","687336046611181568","2016-01-13 18:10:58","The bipartisan HELP Act is saving lives across MT. Learn about my visit to Marcus Daly Memorial in Hamilton: https://t.co/OAmRPnQABM #mtpol","","2","3"
"Bullock","Bullock_campaign","683017415056166912","2016-01-01 20:10:16","Wishing everyone the happiest of New Years!","","1","1"
"Bullock","Bullock_campaign","682271570270654464","2015-12-30 18:46:33","Excited to welcome Mike Cooney to the team. A fighter for MT values, a proven leader, &amp; committed to growing our strong economy #MTpol","","6","7"
"Bullock","Bullock_campaign","675414236193939456","2015-12-11 20:37:57","""The Montana Legislature demonstrated what bipartisan commitment to public service means by approving the HELP Act."" https://t.co/AhUHlBMAk9","","0","0"
"Bullock","Bullock_campaign","675038430905163777","2015-12-10 19:44:38","Let's bring all parties together and develop a Montana-specific solution. https://t.co/U4RfnZL7Vv #mtpol","","1","3"
"Bullock","Bullock_campaign","675003358256619521","2015-12-10 17:25:16","The need for affordable housing is growing more urgent. Some good news in Bigfork. https://t.co/eXJK7HfxTk #mtpol","","0","1"
"Bullock","Bullock_campaign","672207348560101376","2015-12-03 00:14:55","Great news out of Columbia Falls as we continue to strengthen our economy! #mtpol https://t.co/tm5jokodch","","1","2"
"Bullock","Bullock_campaign","672124401035296768","2015-12-02 18:45:19","Missoulian: Medicaid expansion enrollment at 10K a month before rollout #mtpol https://t.co/9DZ39iNBFI","","0","0"
"Bullock","Bullock_campaign","669262359928569857","2015-11-24 21:12:35","Looking forward to seeing the Grizzlies chew up the Jackrabbits! https://t.co/h2oeolD24D","","0","0"
"Bullock","Bullock_campaign","668867361487716352","2015-11-23 19:03:00","Thank you Helena Food Share for all that you do this holiday, and every day. https://t.co/FUwWcwhqMh","","0","0"
"Bullock","Bullock_campaign","667848861310783488","2015-11-20 23:35:51","The big game is tomorrow, who are you cheering for?! #BrawOfTheWild #CatGriz","","0","0"
"Bullock","Bullock_campaign","667816382289940480","2015-11-20 21:26:47","Childhood hunger is a solvable problem. Let's work together to end it.  https://t.co/Crp4MCmG15","","0","0"
"Bullock","Bullock_campaign","667785603728076800","2015-11-20 19:24:29","Access to MT's public wildlife is a fundamental part of our cherished hunting and fishing heritage and traditions https://t.co/z87H4IsgCw","","0","0"
"Bullock","Bullock_campaign","667772143598309376","2015-11-20 18:31:00","Montana‚Äôs economy continued to show strength as we entered the fall https://t.co/iLZwuJxoII #mtpol","","0","0"
"Bullock","Bullock_campaign","667504364861304832","2015-11-20 00:46:56","Great to see so many smiling faces at C.S. Porter Middle School yesterday! https://t.co/lBH6ER0Z0V","","0","1"
"Bullock","Bullock_campaign","667466453776396288","2015-11-19 22:16:18","Any program that streamlines the process for veterans to receive their hard-earned benefits is one I fully support https://t.co/gLiZqegqAa","","0","0"
"Bullock","Bullock_campaign","667452663257153536","2015-11-19 21:21:30","Touching story from Bill Underriner. Billings Gazette: New affordable heath care option for all Montanans https://t.co/j0nZ3Ph2sD #mtpol","","1","0"
"Bullock","Bullock_campaign","667054482413367296","2015-11-18 18:59:16","Montana is ranked the 6th most tax competitive state in the nation https://t.co/JM3bZwVNc3 #mtpol","","0","0"
"Bullock","Bullock_campaign","667032651778256896","2015-11-18 17:32:31","A great way to end a day of hunting, Lydia‚Äôs Supper Club in Butte https://t.co/MNrjMJsN38 #mtpol","","1","4"
"Bullock","Bullock_campaign","666759438682845184","2015-11-17 23:26:52","ICYMI: Bozeman Daily Chronicle: Bullock talks energy, education at Bozeman luncheon https://t.co/qqPku4qIyk #mtpol","","1","1"
"Bullock","Bullock_campaign","281073944105218048","2012-12-18 16:30:25","Bozeman Daily Chronicle: ""Bullock's cabinet choices so far hitting the mark"" #mtpol http://t.co/ruMfbLfL","","2","2"
"Bullock","Bullock_campaign","266272647892045824","2012-11-07 20:15:21","HELENA: Bullock Announcement at the Great Northern Hotel at 2 P.M. #mtpol #mtgov","","3","0"
"Bullock","Bullock_campaign","265474916831354882","2012-11-05 15:25:27","Join us in Great Falls at 5:00 at the Black Eagle Community Center for our GOTV Rally! #mtpol #mtgov http://t.co/WdZA1105","","0","0"
"Bullock","Bullock_campaign","264419163618025473","2012-11-02 17:30:15","NEW POLL: With less than 4 days until Election Day, BULLOCK LEADS HILL 47-40 #mtpol #mtgov http://t.co/nDWk69Rl","","7","0"
"Bullock","Bullock_campaign","264417049638498304","2012-11-02 17:21:51","RT @DemGovs: Our Democratic candidate @AGSteveBullock has opened up a 47-40 lead in #MTGov! http://t.co/hRKxfVGr","","9","0"
"Bullock","Bullock_campaign","264414378974121985","2012-11-02 17:11:15","‚ÄúPeople talking to people makes a difference."" #mtpol #mtgov http://t.co/PWkO9flV","","1","0"
"Bullock","Bullock_campaign","264100515040874497","2012-11-01 20:24:04","Steve talked about the importance of keeping integrity in MT elections. ""It's our state, not theirs."" #mtpol #mtgov http://t.co/qy4P03gU","","1","0"
"Bullock","Bullock_campaign","264022854213980160","2012-11-01 15:15:28","""I'm proud to call him my son, and I'd be honored to call him our governor."" #mtpol #mtgov http://t.co/uGnSyVKh","","1","0"
"Bullock","Bullock_campaign","263801642011480065","2012-11-01 00:36:27","TV and radio stations across the state have refused to air ads by supporters of Hill due to false content. #mtpol http://t.co/mUMsmMxG","","4","0"
"Bullock","Bullock_campaign","263787765605478401","2012-10-31 23:41:19","John is in Billings and is excited to meet all of the goblins, princesses, and super heroes! #mtpol #mtgov http://t.co/bwyrWNV9","","2","0"
"Bullock","Bullock_campaign","263711367851282433","2012-10-31 18:37:44","Steve, along with many great Democrats, rallied voters in Poplar this morning. Next stop Glasgow! #mtpol #mtgov #mtsen http://t.co/mgqywWRU","","3","0"
"Bullock","Bullock_campaign","263360181113597952","2012-10-30 19:22:15","Steve kicked off his statewide tour today by addressing the folks at the Crow Nation Rally #mtpol #mtgov http://t.co/PThfxnZf","","2","0"
"Bullock","Bullock_campaign","263056913737076736","2012-10-29 23:17:10","@JTJohnson40 It was great to meet you on Friday, I hope we can count on your vote! #mtpol #mtgov","","0","0"
"Bullock","Bullock_campaign","262943446967394304","2012-10-29 15:46:18","We want to thank all of our supporters in Great Falls who there to greet us before the debate on Friday! #mtpol #mtgov http://t.co/Ew9Fd2Ss","","0","0"
"Bullock","Bullock_campaign","262639728153726977","2012-10-28 19:39:25","""If you eat, you have a vested interest in electing Steve Bullock the next governor of MT."" #mtpol #mtgov http://t.co/McZ0n2BN","","5","0"
"Bullock","Bullock_campaign","262400938847911938","2012-10-28 03:50:33","Steve on Congressman Hill: ""Never before has there been a candidate who could do greater damage to public education"" #mtpol #mtgov","","3","0"
"Bullock","Bullock_campaign","262396185065697283","2012-10-28 03:31:40","Congressman, you've made a sales tax a major part of your campaign, but now you won't be honest. #mtpol #mtgov http://t.co/vDmk6eGv","","1","0"
"Bullock","Bullock_campaign","262394477459668992","2012-10-28 03:24:53","Congressman Hill lies about sales tax again. #mtpol #mtgov http://t.co/vDmk6eGv","","1","0"
"Bullock","Bullock_campaign","262389263126110208","2012-10-28 03:04:09","""Not a common criminal, not a crooked CEO, not a former congressman running for governor-- no one is above the law."" #mtpol #mtgov","","1","0"
"Bullock","Bullock_campaign","262384944041574400","2012-10-28 02:47:00","10 minutes until the final debate! #mtpol #mtgov Tune into your local MTN station or click on the live stream here: http://t.co/2aAuRt58","","0","0"
"Bullock","Bullock_campaign","261968465064247299","2012-10-26 23:12:03","""As Attorney General I've fought to keep the family in family farms."" #mtpol #mtgov","","0","0"
"Bullock","Bullock_campaign","261965241959723009","2012-10-26 22:59:15","""I've heard Congressman Hill take credit for a lot of things - this is the first time for the oil and gas boom."" #mtpol #mtgov","","0","0"
"Bullock","Bullock_campaign","261964137763065856","2012-10-26 22:54:52","Why does Congressman Hill continue to say he didn't work for Gov. Martz? #mtpol Helena IR, ‚ÄúEx-Rep. Hill To Run For
Governor,‚Äù 11/6/10","","1","0"
"Bullock","Bullock_campaign","261961670254014464","2012-10-26 22:45:03","I will veto any attempt to establish a sales tax in Montana-- unlike my opponent. #mtpol #mtgov http://t.co/vDmk6eGv","","0","0"
"Bullock","Bullock_campaign","261961157873631232","2012-10-26 22:43:01","I'm going to be working for main street all the time. #mtpol #mtgov #gftdebate","","2","0"
"Bullock","Bullock_campaign","261960912062259200","2012-10-26 22:42:03","I'm not going to allow a sales tax on my watch. #mtpol #mtgov #gftdebate","","4","0"
"Bullock","Bullock_campaign","261955527616110592","2012-10-26 22:20:39","Agriculture is our number one industry, we must invest in research and education. #mtpol #mtgov","","1","0"
"Bullock","Bullock_campaign","261887572962332672","2012-10-26 17:50:38","Steve and Gov Schweitzer swung by the VFW to serve some Clam Chowder this afternoon in Great Falls. #mtpol #mtgov http://t.co/kR8HwGhK","","2","0"
"Bullock","Bullock_campaign","261590963728818178","2012-10-25 22:12:00","""I'm jacked! I just went had so much fun tonight on the doors!"" -Tricia Decker,  #mtpol #mtgov http://t.co/pm4Pquy3","","1","0"
"Bullock","Bullock_campaign","261281221638766592","2012-10-25 01:41:12","District Court judge has issued a restraining order, preventing Hill from spending any more of his illegal funds #mtpol http://t.co/7vfl3Bkt","","5","0"
"Bullock","Bullock_campaign","261275616840667136","2012-10-25 01:18:55","@chazferrer Thanks for the follow, best of luck in your race!","","0","1"
"Bullock","Bullock_campaign","261183863106183168","2012-10-24 19:14:20","Steve will never stop fighting to make sure our elections are decided by Montanans #mtpol #mtgov http://t.co/XnNQihVQ","","0","0"
"Bullock","Bullock_campaign","261124315309821952","2012-10-24 15:17:43","I want to thank Governor Schweitzer for joining me at our phone bank last night! #mtpol #mtgov http://t.co/VLuTcQb9","","1","1"
"Bullock","Bullock_campaign","260460219224715264","2012-10-22 19:19:00","Our Helena field office was invaded by ""Kids for Bullock"" this weekend!  #mtpol #mtgov http://t.co/7zUGadQQ","","1","0"
"Bullock","Bullock_campaign","260424517111910400","2012-10-22 16:56:57","""I have known Steve since he was in the eighth-grade and I am convinced he is MT‚Äôs best choice for governor."" #mtpol http://t.co/ZlAZaEEM","","0","0"
"Bullock","Bullock_campaign","259405072759414784","2012-10-19 21:26:03","Sign our ""Give It Back"" petition, and let Congressman Hill know his $500K illegal contribution is wrong. #mtpol #mtgov http://t.co/SiHukPaa","","3","0"
"Bullock","Bullock_campaign","259024732349947904","2012-10-18 20:14:44","Steve was in Billings today to discuss his public access plan with local hunters and anglers. #mtpol #mtgov http://t.co/vBEzPmSM","","1","0"
"Bullock","Bullock_campaign","258964066406653952","2012-10-18 16:13:40","Thank you to all of our supporters who battled the cold and wind before last nights debate in Kalispell! #mtpol #mtgov http://t.co/nWRXDm3p","","0","0"
"Bullock","Bullock_campaign","258749284252528640","2012-10-18 02:00:11","""Montana is not about the person with the most money gets the biggest horns, that's Texas"" #mtpol #mtgov","","3","0"
"Bullock","Bullock_campaign","258744516129980418","2012-10-18 01:41:14","""I'm running to be the chief promoter, not the chief detractor"" #mtpol #mtgov","","0","0"
"Bullock","Bullock_campaign","258744306813247488","2012-10-18 01:40:24","I'm not running against some former Congressman, I'm running against Chicken Little. #hatesmontana? #mtpol #mtgov","","2","0"
"Bullock","Bullock_campaign","258741682848296962","2012-10-18 01:29:59","""Hill had the opportunity to do something.  Instead, our premiums went up year after year - and he made hundreds of thousands"" #mtpol #mtgov","","0","0"
"Bullock","Bullock_campaign","258737955651342336","2012-10-18 01:15:10","""I'm running against someone who will do anything and say anything to get elected"" #mtpol #mtgov #govdebate","","1","0"
"Bullock","Bullock_campaign","258731819371995136","2012-10-18 00:50:47","Listen live to our debate in ten minutes here #mtpol #mtgov #govdebate: http://t.co/nlV54x70","","0","0"
"Bullock","Bullock_campaign","258730867705380864","2012-10-18 00:47:00","RT @aaronflint: Bullock Hill debate for Montana Governor LIVE STREAM is up now, plus pregame show WATCH/LISTEN LIVE http://t.co/nfhZdldJ ...","","1","0"
"Bullock","Bullock_campaign","258726598348521473","2012-10-18 00:30:03","Steve prepared for his debate with a heated discussion with 7th graders at Kalispell Middle School. #mtpol #mtgov http://t.co/717O7Ckr","","0","0"
"Bullock","Bullock_campaign","258662322472636416","2012-10-17 20:14:38","HILL BROKE THE LAW: Congressman Hill took an illegal, $500,000 contribution - he wants to try and buy this election. #mtpol #mtgov","","2","0"
"Bullock","Bullock_campaign","258343590047125504","2012-10-16 23:08:07","""People still decide elections in Montana, so get out and talk to your friends and neighbors!"" #mtpol #mtgov http://t.co/OPMk4kTw","","1","0"
"Bullock","Bullock_campaign","258326136004681728","2012-10-16 21:58:44","""I‚Äôll lead the fight to make sure that our access our wildlife on public lands is protected"" #mtpol #mtgov http://t.co/3yGwNnkm","","0","0"
"Bullock","Bullock_campaign","258284693374509056","2012-10-16 19:14:04","""Steve Bullock was there, fighting alongside Montana‚Äôs sportsmen.""-- Senator Kendall Van Dyk (Billings) #mtpol #mtgov http://t.co/3yGwNnkm","","0","0"
"Bullock","Bullock_campaign","258255749094977537","2012-10-16 17:19:03","BULLOCK RELEASES MONTANA OUTDOOR ACCESS PLAN #mtpol #mtgov http://t.co/3yGwNnkm","","2","0"
"Bullock","Bullock_campaign","257984608367431680","2012-10-15 23:21:39","Steve survived his toughest interview of the campaign today, Kaden, a 4th grader at Smith School. #mtpol #mtgov http://t.co/4SI97E77","","1","1"
"Bullock","Bullock_campaign","257589228723134464","2012-10-14 21:10:32","""If you value our outdoor heritage, family farms and ranches, healthy air and water, vote for Bullock."" #mtpol #mtgov http://t.co/mQxK9Gmf","","1","0"
"Bullock","Bullock_campaign","257195003472908288","2012-10-13 19:04:01","""I am appreciative that someone of Bullock‚Äôs qualities, energy, direction, competence, fortitude"" #mtpol #mtgov http://t.co/QvybuQzw","","0","0"
"Bullock","Bullock_campaign","257187035050295297","2012-10-13 18:32:22","RT @GFTribune: AG and Dem. Gub. candidate #SteveBullock just stopped by the Tribune's booth at WWW Expo and bought some Lit. Outreach ca ...","","3","0"
"Bullock","Bullock_campaign","256811347038322688","2012-10-12 17:39:31","""Hill saying that here in Montana, ‚Äúwe are second to last in quality of teachers‚Äù was terribly wrong."" #mtpol #mtgov http://t.co/NGAy1OxM","","2","0"
"Bullock","Bullock_campaign","256530174718394368","2012-10-11 23:02:14","Congressman Hill's praise of Walker‚Äôs Wisconsin, but has departed from reality and the facts to do so. #mtpol #mtgov http://t.co/iW2sikpl","","0","0"
"Bullock","Bullock_campaign","256215451980414977","2012-10-11 02:11:38","Hill to talk about how to undermine teachers and firefighters tomorrow. ""I've never demonized workers""...""except when I have"" #mtpol #mtgov","","2","0"
"Bullock","Bullock_campaign","256200573341290497","2012-10-11 01:12:31","Here is Congressman Hill telling voters he supports a sales tax... again #mtpol #mtdebate http://t.co/HyfU1s23","","1","0"
"Bullock","Bullock_campaign","256199966710710272","2012-10-11 01:10:06","Congressman Hill can't be trusted on taxes. #mtpol #mtdebate http://t.co/kFLHSDck","","1","0"
"Bullock","Bullock_campaign","256193722008604672","2012-10-11 00:45:17","15 minutes until our debate on Montana PBS and C-SPAN.  Watch and follow us for updates! #mtpol #mtdebate","","1","0"
"Bullock","Bullock_campaign","255829174126800897","2012-10-10 00:36:42","""my tax plan gives twice as much to homeowners, the Congressman's is for out-of-state corporations"" #mtpol #mtdebate","","3","0"
"Bullock","Bullock_campaign","255828217682857985","2012-10-10 00:32:54","""Montana's a great place to do business."" #mtpol #mtdebate","","0","0"
"Bullock","Bullock_campaign","255824336500453376","2012-10-10 00:17:29","""In my budget there is going to be a freeze on tuition for the next two years, that is budgeting off of my values"" #mtpol","","0","0"
"Bullock","Bullock_campaign","255814298004230145","2012-10-09 23:37:36","RT @billingsgazette: LIVE audio and discussion of the @rickhill2012 @bullockwalshMT #mtdebate tonight at 6pm -- http://t.co/65XSCMLK","","1","0"
"Bullock","Bullock_campaign","255813347696586752","2012-10-09 23:33:50","Steve has proven that he‚Äôll always stand up for MT firefighters and our families against out-of-state interests. #mtpol http://t.co/GTb3xmgO","","0","0"
"Bullock","Bullock_campaign","255812391068110848","2012-10-09 23:30:02","30 minutes until the Billings Debate!  Follow here for updates! #mtpol #mtgov http://t.co/1wns19Ud","","1","0"
"Bullock","Bullock_campaign","255742621140529152","2012-10-09 18:52:47","If you are in Billings come down and watch the debate tonight at MSU-B-- doors open at 5:00. #mtpol #mtgov  http://t.co/3FAUQsrn","","0","0"
"Bullock","Bullock_campaign","255368413252313088","2012-10-08 18:05:48","In case you missed it, this weekend the Bozeman Daily Chronicle endorsed Steve Bullock for Governor. #mtpol #mtgov http://t.co/2CgEOR6w","","1","0"
"Bullock","Bullock_campaign","254669963481194496","2012-10-06 19:50:25","We had over 100 people turn out to knock doors for us in Missoula today! #mtpol #mtgov http://t.co/9msad4f4","","2","0"
"Bullock","Bullock_campaign","254657524073111552","2012-10-06 19:01:00","Thanks to the 70 hard working folks on the Grandview job site yesterday-- great addition to Great Falls. #mtpol #mtgov http://t.co/np9LiXoI","","0","0"
"Bullock","Bullock_campaign","254243084106342400","2012-10-05 15:34:10","Steve spent the morning discussing current events with students at Great Falls High School. #mtpol #mtgov http://t.co/1qAUtJjR","","0","0"
"Bullock","Bullock_campaign","254028601375199232","2012-10-05 01:21:53","The Park County Democrats put John to work tonight serving lasagna in Livingston. #mtpol #mtgov http://t.co/ws86bbfs","","2","0"
"Bullock","Bullock_campaign","253970415616151553","2012-10-04 21:30:41","Thanks to the League of Cities and Towns for letting me speak today about my jobs plan and education! #mtpol #mtgov http://t.co/m1zFuos1","","0","0"
"Bullock","Bullock_campaign","253933143705391104","2012-10-04 19:02:33","The campaign for Governor of Montana will be decided by the people. #mtpol #mtgov","","4","0"
"Bullock","Bullock_campaign","253167521748893696","2012-10-02 16:20:15","I hope that you will join me in November and vote for Steve. Vote for educating our children. #mtpol #mtgov http://t.co/g3UB57bN","","1","0"
"Bullock","Bullock_campaign","252827421349396482","2012-10-01 17:48:49","The Old Bonner Mill is a great example of how we can create jobs  through public/private partnerships. #mtpol #mtgov http://t.co/JVs7gnNN","","1","0"
"Bullock","Bullock_campaign","251505184239390720","2012-09-28 02:14:43","""Gov Racicot and Rick Hill came to Butte and said I have a great idea for you: deregulation"" #mtpol #mtgov","","0","0"
"Bullock","Bullock_campaign","251503786101727232","2012-09-28 02:09:09","""If Rick Hill thinks that government regulations are troublesome, why didn‚Äôt he change them when he was in charge?"" #mtpol #mtgov","","1","0"
"Bullock","Bullock_campaign","251499582964514816","2012-09-28 01:52:27","""when this election is over, I'm going hunting"" #mtpol #mtgov","","2","1"
"Bullock","Bullock_campaign","251496737104076801","2012-09-28 01:41:09","""shameless pitch on the website: go to http://t.co/FObuzJr7 to read my comprehensive jobs plan."" #mtpol #mtgov","","1","1"
"Bullock","Bullock_campaign","251493453173780480","2012-09-28 01:28:06","""2 ways to be wildlife biologist in MT, go to school, get degree - or be politician and run for office"" #mtpol #mtgov","","0","0"
"Bullock","Bullock_campaign","251490234016100355","2012-09-28 01:15:18","""The average Montana Tech graduate makes more than the average Harvard graduate‚Ä¶ we need a highly educated and talented workforce.""#mtpol","","0","0"
"Bullock","Bullock_campaign","251489052577116160","2012-09-28 01:10:37","""Bullock says he'd veto any attempt to undermine MTs stream access laws"" #mtgov #mtpol","","1","0"
"Bullock","Bullock_campaign","251361104536674304","2012-09-27 16:42:12","New Ad: Law Enforcement Supports Bullock #mtpol #mtgov http://t.co/TxJyFHZJ","","1","0"
"Bullock","Bullock_campaign","251348357086322688","2012-09-27 15:51:32","RT @NBCMontana: Bullock, Hill to meet in second debate http://t.co/HZuEq7f4 #KTVM","","1","0"
"Bullock","Bullock_campaign","251344499534614528","2012-09-27 15:36:13","Consider his record and plans, and you may agree that Steve Bullock should be our next governor. #mtpol #mtgov http://t.co/7khzR9Il","","1","0"
"Bullock","Bullock_campaign","251127034544259073","2012-09-27 01:12:06","Steve wrapped up his day in Bozeman thanking the College Democrats for all they do at MSU. #mtpol #mtgov http://t.co/8PCuwy8A","","3","0"
"Bullock","Bullock_campaign","251096953700614144","2012-09-26 23:12:33","75 percent of Bridger Photonics' technical workforce comes straight from MSU. #mtpol #mtgov http://t.co/qHo0T3Ns","","2","0"
"Bullock","Bullock_campaign","251072808199802880","2012-09-26 21:36:37","Had a great time talking to about MSU students in their political science class today. #mtpol #mtgov http://t.co/55YTPuVL","","0","0"
"Bullock","Bullock_campaign","251021473815330816","2012-09-26 18:12:38","Talking with MSU student leaders Kiah, Eric, and Lindsay about issues that matter to them. #mtpol #mtgov http://t.co/R1zDnE4G","","0","0"
"Bullock","Bullock_campaign","251009856159494145","2012-09-26 17:26:28","Thanks to Bacterin for sharing their ideas about creating jobs in Montana and fueling Montana's economy. #mtpol #mtgov http://t.co/O7x9VGsX","","0","0"
"Bullock","Bullock_campaign","250636501166211072","2012-09-25 16:42:53","RT @KimGillanMT: Look who just stopped by Gillan HQ - our next Lt. Gov Gen John Walsh! Thanks for the encouragement @BullockWalshMT http ...","","3","0"
"Bullock","Bullock_campaign","250610126900318208","2012-09-25 14:58:05","John was in Billings last night to greet the veterans returning from the Big Sky Honor Flight. #mtpol #mtgov http://t.co/W9v3KFDb","","0","0"
"Bullock","Bullock_campaign","250255979143380992","2012-09-24 15:30:50","Thanks to all of those who marched in the homecoming parade with me this weekend in Missoula! #mtpol #mtgov http://t.co/8FMIk6QR","","0","0"
"Bullock","Bullock_campaign","249206462864297984","2012-09-21 18:00:25","Thank you to all the incredible women who carved time out of their day to discuss women's health. #mtpol #mtgov http://t.co/yDM5ZViC","","1","0"
"Bullock","Bullock_campaign","249195273987956736","2012-09-21 17:15:57","""Fortunately we have a good candidate in Steve Bullock"" #mtpol #mtgov http://t.co/usUd2yjG","","0","0"
"Bullock","Bullock_campaign","248829902596476929","2012-09-20 17:04:06","As your governor, I‚Äôll put my experience, my Montana values to work with you to build a greater Montana. #mtpol #mtgov http://t.co/P37Vtfnc","","3","0"
"Bullock","Bullock_campaign","248083622941315074","2012-09-18 15:38:39","Hope to see you there-- come support Steve and bring a friend. #mtpol #mtgov http://t.co/Khq264lY","","1","0"
"Bullock","Bullock_campaign","247822656588619776","2012-09-17 22:21:40","Bengals and Bruins have at least one thing they can agree on. #mtpol #mtgov http://t.co/eM8laRvw","","0","0"
"Bullock","Bullock_campaign","247732114634706944","2012-09-17 16:21:53","""Steve Bullock is the candidate who will serve us best as our next governor"" #mtpol #mtgov http://t.co/XX906hcP","","0","0"
"Bullock","Bullock_campaign","246713187121131520","2012-09-14 20:53:02","Thanks to your help, Steve is leading Congressman Hill 44% to 39%. #mtpol #mtgov http://t.co/cMvaSZXc","","1","0"
"Bullock","Bullock_campaign","246654148592939008","2012-09-14 16:58:26","To create the jobs we need, I'll put Montanans first. #mtpol #mtgov http://t.co/Q6hrOllP","","2","0"
"Bullock","Bullock_campaign","246274566404583424","2012-09-13 15:50:06","""Steve Bullock has an exceptional record in protecting the public‚Äôs rights on stream and bridge access."" #mtpol #mtogv http://t.co/dzh5kXab","","3","0"
"Bullock","Bullock_campaign","245217935688364033","2012-09-10 17:51:26","""Join me in voting for Steve Bullock this November."" #mtpol #mtgov http://t.co/C8A2izIG","","0","0"
"Bullock","Bullock_campaign","245207445306228736","2012-09-10 17:09:45","RT @MarneeBanks: I'll be reporting in Great Falls today, @BullockWalshMT is making a big policy announcement in the Electric City. Stay  ...","","1","0"
"Bullock","Bullock_campaign","244099616038080513","2012-09-07 15:47:38","""Montana got another 100,000 reasons to vote for Bullock."" #mtpol #mtgov http://t.co/CjUwaTnz","","0","0"
"Bullock","Bullock_campaign","243004647558750208","2012-09-04 15:16:38","Have a great highway sign location?  Please let us know. #mtpol #mtgov https://t.co/Y4WTworT http://t.co/eiZaHIQy","","0","0"
"Bullock","Bullock_campaign","242655528147353600","2012-09-03 16:09:20","""I think he‚Äôll make a fine governor."" -Margaret Johnson, Bozeman. #mtpol #mtgov http://t.co/6y2X1WbM","","1","0"
"Bullock","Bullock_campaign","241256812282789888","2012-08-30 19:31:21","John and I met some great people in Dillon last night! #mtpol #mtgov http://t.co/GxtorCLY","","0","0"
"Bullock","Bullock_campaign","240594263442870272","2012-08-28 23:38:38","Team Bullock/Walsh at the Jefferson County Parade. #mtpol #mtgov http://t.co/x5Vogf1W","","0","0"
"Bullock","Bullock_campaign","240466705699180544","2012-08-28 15:11:44","""We who hunt and fish have a good choice with Steve Bullock as our next governor.""
#mtpol #mtgov http://t.co/MMAQG5Ww","","0","0"
"Bullock","Bullock_campaign","240202336482496512","2012-08-27 21:41:14","As Attorney General I speak for all Montanans. Please take a minute and watch our new ad. #mtpol #mtgov http://t.co/YlJ3Qtar","","0","0"
"Bullock","Bullock_campaign","238688722579775489","2012-08-23 17:26:40","Please join us at one of our volunteer BBQ's.  We want to thank our volunteers for all they do. #mtpol #mtgov https://t.co/Pj5GBTpR","","0","0"
"Bullock","Bullock_campaign","238307959619321856","2012-08-22 16:13:40","We had a great turnout in Great Falls for our Day of Action, please sign up today. #mtpol #mtgov https://t.co/Pj5GBTpR http://t.co/EOJva4Rc","","0","0"
"Bullock","Bullock_campaign","237946476142145536","2012-08-21 16:17:15","I had a great time at the Crow Fair this weekend. #mtpol #mtgov http://t.co/0TZIKEmM","","0","0"
"Bullock","Bullock_campaign","237657688727756800","2012-08-20 21:09:43","Thank you law enforcement in Bozeman and Belgrade who recognize all we have done to protect our kids. #mtpol #mtgov http://t.co/XcS0JfKq","","0","0"
"Bullock","Bullock_campaign","237593784479776768","2012-08-20 16:55:48","I visited the traveling Vietnam Wall on Friday to pay tribute to the Montanans who gave their lives. #mtpol #mtgov http://t.co/c58H2viy","","0","0"
"Bullock","Bullock_campaign","236511118644891648","2012-08-17 17:13:39","Now is the time to volunteer, join the team today! #mtpol #mtgov https://t.co/Pj5GBTpR","","1","0"
"Bullock","Bullock_campaign","236510798992797697","2012-08-17 17:12:23","RT @LindseyJGordon: AG Steve Bullock speaks at the 53rd graduating class of Montana Highway Patrol. 10 troopers graduate today. http://t ...","","2","0"
"Bullock","Bullock_campaign","236236191786209281","2012-08-16 23:01:11","Missoula, please join us for our volunteer day of action on Saturday at 10:00 AM, 112 W Front. #mtpol #mtgov","","1","0"
"Bullock","Bullock_campaign","236235873576960000","2012-08-16 22:59:55","If you are in Great Falls on Saturday please join us for our volunteer day of action at 10:30 AM, 811 Central Ave. #mtpol #mtgov","","1","0"
"Bullock","Bullock_campaign","236235031239065602","2012-08-16 22:56:35","Helena, join us for our volunteer day of action on Saturday at 9:30 AM Headquarters, 101 N Last Chance Gulch, 2nd Floor. #mtpol #mtgov","","0","0"
"Bullock","Bullock_campaign","236234325010558976","2012-08-16 22:53:46","If you are in Butte this weekend, please join us for our volunteer day of action at 10:00 AM Carpenters Hall, 156 W Granite. #mtpol #mtgov","","0","0"
"Bullock","Bullock_campaign","236233243790299136","2012-08-16 22:49:28","Billings, please join us for our volunteer day of action on Saturday! 10:00 AM Labor Temple, South 27th St. and 6th Ave. #mtpol #mtgov","","0","0"
"Bullock","Bullock_campaign","236192493861998592","2012-08-16 20:07:33","I had a great time yesterday at the Great Falls Farmers Market. #mtpol #mtgov http://t.co/pHtjM9Pi","","0","0"
"Bullock","Bullock_campaign","236126631184445440","2012-08-16 15:45:50","John was in Choteau a couple weeks ago to discuss what we can do to help our veterans succeed in Montana. #mtpol #mtgov http://t.co/ScMaSN6D","","0","0"
"Bullock","Bullock_campaign","235799878586990592","2012-08-15 18:07:27","We need to invest locally to make sure our small businesses grow-- including our infrastructure #mtpol #mtgov http://t.co/HiVNLT2D","","1","0"
"Bullock","Bullock_campaign","235752292677206016","2012-08-15 14:58:21","Thanks again to all of the teachers who took time out of their day to meet with me in Missoula yesterday. #mtpol #mtgov http://t.co/Yr4SYM3o","","0","0"
"Bullock","Bullock_campaign","235514632331218944","2012-08-14 23:13:59","I am a product of public education and so our my kids.  That is why we need public education investment. #mtpol #mtgov http://t.co/KOrGS2lt","","3","0"
"Bullock","Bullock_campaign","235479836909514752","2012-08-14 20:55:43","I want to thank the Missoula Kiwanis Club for taking a few minutes to meet with me this afternoon! #mtpol #mtgov http://t.co/7GCDmpv2","","1","0"
"Bullock","Bullock_campaign","235094502891720705","2012-08-13 19:24:31","In case you spent all weekend enjoying the outdoors please take a minute and watch our first ad. #mtpol #mtgov http://t.co/Htm0Yayu","","0","0"
"Bullock","Bullock_campaign","235046218026344449","2012-08-13 16:12:39","I want to thank Jodel Sonnemann for the great letter of support in yesterday's Billings Gazette. #mtpol #mtgov http://t.co/o3vjRrx1","","0","0"
"Bullock","Bullock_campaign","234036604321284096","2012-08-10 21:20:50","I had a great time with the Butte-Silverbow Democrats yesterday at their summer BBQ! http://t.co/BY9Fmov6","","0","0"
"Bullock","Bullock_campaign","233581431669014528","2012-08-09 15:12:08","Thank you for having me at the Pow Wow in Rocky Boy last weekend-- thank you for your support! http://t.co/ulqFsaRl","","0","0"
"Bullock","Bullock_campaign","233251346252460032","2012-08-08 17:20:29","Ready for a positive ad? John and I are excited to share our first ad this morning! http://t.co/Htm0Yayu #MTPOL #MTGOV","","1","0"
"Bullock","Bullock_campaign","233231964914733057","2012-08-08 16:03:28","An old fashioned first ad - and one that's completely positive. Please share with your family and friends! http://t.co/Htm0Yayu","","0","0"
"Bullock","Bullock_campaign","232862351290953728","2012-08-07 15:34:45","Signs went up around the state this weekend. If u have a great sign location please let us know. http://t.co/6yLBCXux http://t.co/MAirDOwf","","1","0"
"Bullock","Bullock_campaign","229217347917987840","2012-07-28 14:10:49","Leo Dutton, Lewis and Clark Sheriff, says ""Steve Bullock has ample law enforcement experience to keep folks safe.""  http://t.co/2HXBFmmB","","0","0"
"Bullock","Bullock_campaign","229061730574159872","2012-07-28 03:52:26","Jerry Reckin of Kalispell says ""Steve Bullock is committed to putting Montana first."" Read more: http://t.co/2xX9okoP","","0","0"
"Bullock","Bullock_campaign","228583318269075456","2012-07-26 20:11:25","Join the Bullock-Walsh Marathon Team to help build our volunteer efforts for a stronger Montana. http://t.co/sCpbAmNY http://t.co/PtSTo809","","1","0"
"Bullock","Bullock_campaign","226352155383185408","2012-07-20 16:25:33","LTE: Col. Mike Tooley says Bullock has gone above and beyond. http://t.co/gSO0o0Ye","","1","0"
"Bullock","Bullock_campaign","226349649563369472","2012-07-20 16:15:36","While some want tax breaks for out of state corporations, Steve wants a $100 million homeowner tax rebate: http://t.co/JIMpAYBy","","2","0"
"Bullock","Bullock_campaign","226086629343907840","2012-07-19 22:50:27","Steve &amp; John will appoint a state small businesses advocate to assist small business. Details here: http://t.co/JIMpAYBy","","0","0"
"Bullock","Bullock_campaign","226083168816611329","2012-07-19 22:36:42","LTE: Billings Gazette ‚Äì ‚ÄúBullock will fight for Montanans as governor.‚Äù Click here to read more: http://t.co/513MwX6O.","","0","0"
"Bullock","Bullock_campaign","226010799532040192","2012-07-19 17:49:08","Steve &amp; John know we need to invest in a 21st century infrastructure to keep small business on the move: http://t.co/57PtTq1v","","0","0"
"Bullock","Bullock_campaign","225990147232124928","2012-07-19 16:27:04","To stimulate econ. development in MT, Steve&amp;John will create local ""Invest in Montana"" teams. http://t.co/JIMpAYBy","","0","0"
"Bullock","Bullock_campaign","225988844850384897","2012-07-19 16:21:53","RT @LindseyJGordon: Attorney General Steve Bullock speaking at the Shodair groundbreaking. http://t.co/uU0b5v8b","","3","0"
"Bullock","Bullock_campaign","225762866102423552","2012-07-19 01:23:56","Bullock‚Äôs jobs plan: If taxpayer money is being used on a project, it should hire Montanans first. Read more: http://t.co/JIMpAYBy","","1","0"
"Bullock","Bullock_campaign","225633525582413824","2012-07-18 16:50:01","As part of Reading Rocks ‚Äì a summer literacy program ‚Äì Steve spoke with children on Monday at North Park in Billings. http://t.co/ZQcP1Ayg","","0","0"
"Bullock","Bullock_campaign","225286238431752192","2012-07-17 17:49:59","At a small business in Billings today, Steve and John announced the first installment of their jobs plan (http://t.co/acCH7bCu).","","3","0"
"Bullock","Bullock_campaign","224621039085305857","2012-07-15 21:46:43","On Friday, Steve addressed hundreds of hardworking folks from across our state at the Montana Folk Festival in Butte (http://t.co/SjB11bCQ).","","0","0"
"Bullock","Bullock_campaign","223931190330134529","2012-07-14 00:05:30","LTE: Billings Gazette ‚Äì Col. Tooley of the MT Highway Patrol supports Steve Bullock. Read more by clicking here: http://t.co/Bf06glaZ.","","2","0"
"Bullock","Bullock_campaign","223918685839036416","2012-07-13 23:15:50","Steve and John at Park Ave. Bakery discussing how they‚Äôll protect hardworking Montanans as Governor and Lt. Governor. http://t.co/28abpewF","","0","0"
"Bullock","Bullock_campaign","223877404794437632","2012-07-13 20:31:47","At Alive @Five in Great Falls yesterday, Steve and John chatted with folks about their vision for a stronger Montana (http://t.co/uICAOCwl).","","0","0"
"Bullock","Bullock_campaign","222433772572905473","2012-07-09 20:55:18","Helena Independent Record LTE: Bob and Hope Stevens of Helena united in support of Steve Bullock.http://bit.ly/OQJgX9.","","0","0"
"Bullock","Bullock_campaign","222359620902064128","2012-07-09 16:00:39","Billings Gazette: Keep Bullock's actions to protect public lands in mind this November. http://t.co/Kyg0qUXl","","1","0"
"Bullock","Bullock_campaign","221343434802343936","2012-07-06 20:42:43","My kids out in Livingston supporting our campaign ‚Äì thanks guys! http://t.co/dySAzIpv","","4","0"
"Bullock","Bullock_campaign","221343082627604480","2012-07-06 20:41:19","We had a fantastic group of volunteers in Butte who came out to walk with Steve in the Independence Day parade: http://t.co/cteVQ2VM","","1","0"
"Bullock","Bullock_campaign","221068703909945346","2012-07-06 02:31:01","Thanks also to the great folks who  walked in the Red Lodge Independence Day parade for the Bullock-Walsh ticket. http://t.co/RtkCTEG7","","0","0"
"Bullock","Bullock_campaign","221068454277558272","2012-07-06 02:30:01","Thanks to all the supporters who came out to help Steve and John in the Laurel Independence Day parade! http://t.co/Bt44b8Op","","0","0"
"Bullock","Bullock_campaign","220953715534872576","2012-07-05 18:54:06","Over 30 Bullock supporters marched in the annual 4th of July Great Falls parade, in downtown Great Falls. http://t.co/Dr3ysg3m","","0","0"
"Bullock","Bullock_campaign","218857932228534274","2012-06-30 00:06:13","Law enforcement leaders across MT announced their support today for Steve and John at the L&amp;C courthouse. http://t.co/T2mlTdJJ","","2","1"
