"Search Term","Username","Location","Verified User?","Tweet ID","Tweet Time","Tweet Text","Tweet Place","Retweet Count","Favorite Count"
"#devos","Ohio BATs","Ohio","False","1084546056908668930","2019-01-13 20:21:44","RT @BadassTeachersA: 35,000 gun violence deaths a year and #DeVos has wrong answers.  Kids in school shouldn't have to live in fear of shoo‚Ä¶","","7","0"
"#devos","Denise Spicer","Vancouver, Washington","False","1084533637956030464","2019-01-13 19:32:23","RT @TonyKolenc: What will be the long-term impact of #Trump and #DeVos on homeschooling? Read my free online column in @PracHomeschool Maga‚Ä¶","","0","0"
"#devos","Bill Klingbeil","Uniontown, Ohio","False","1084509350457237506","2019-01-13 17:55:53","DeVos is pure evil! Charter schools just steal YOUR tax dollars for shitty schoolsrun by for profit management companies!  In my community charter schools stole $200,000 per year from a tiny school district!  They need to be stopped!
#charterschools #devos #CorruptGOP https://t.co/SF8SbkSm1z","","0","0"
"#devos","S. Matthis üåπüè¥","Bruges, Belgium","False","1084505172833959937","2019-01-13 17:39:16","RT @BadassTeachersA: 35,000 gun violence deaths a year and #DeVos has wrong answers.  Kids in school shouldn't have to live in fear of shoo‚Ä¶","","7","0"
"#devos","Judy Strollo","NJ","False","1084503551018188802","2019-01-13 17:32:50","RT @BadassTeachersA: 35,000 gun violence deaths a year and #DeVos has wrong answers.  Kids in school shouldn't have to live in fear of shoo‚Ä¶","","7","0"
"#devos","Lovetogive2","","False","1084500962755076096","2019-01-13 17:22:33","RT @lovetogive2: @MargeryAPW @shreec @Parent_Partners ""Dick #DeVos, hard-rt face social &amp; economic conservative who...would have been consi‚Ä¶","","6","0"
"#devos","Lovetogive2","","False","1084500949337485312","2019-01-13 17:22:30","RT @lovetogive2: @MargeryAPW @shreec @Parent_Partners LOL Gotta love the title: ""You don‚Äôt know Dick""  https://t.co/weS9pBfYsm #Devos #GOPC‚Ä¶","","6","0"
"#devos","Lovetogive2","","False","1084500939614998529","2019-01-13 17:22:27","RT @lovetogive2: @MargeryAPW @shreec @Parent_Partners ""FBI investigation continues into 'odd' computer link between Russian bank &amp; Trump Or‚Ä¶","","36","0"
"#devos","Lovetogive2","","False","1084500888503255041","2019-01-13 17:22:15","RT @lovetogive2: @MargeryAPW @shreec @Parent_Partners #Connell #Donatelli Inc worked on Dick #DeVos for Governor campaign: https://t.co/4mf‚Ä¶","","45","0"
"#devos","polchinello  üå±","Evanston, IL","False","1084498655271374849","2019-01-13 17:13:23","RT @BadassTeachersA: 35,000 gun violence deaths a year and #DeVos has wrong answers.  Kids in school shouldn't have to live in fear of shoo‚Ä¶","","7","0"
"#devos","Union Strong ‚úä","Peoria Heights, IL","False","1084497581265375233","2019-01-13 17:09:07","RT @BadassTeachersA: 35,000 gun violence deaths a year and #DeVos has wrong answers.  Kids in school shouldn't have to live in fear of shoo‚Ä¶","","7","0"
"#devos","Misanthropic Hsewife","","False","1084485781220151297","2019-01-13 16:22:13","RT @lancegould: Dear @realDonaldTrump:
When you go down (and you will) please throw all your corrupt minions, offspring &amp; co-conspirators u‚Ä¶","","3","0"
"#devos","RedYodaüåé","Fairfax City, VA","False","1084481500802891776","2019-01-13 16:05:13","Need more evidence #Trump #DeVos and the rest of the wealthy #GOP cares nothing about Americans and can't relate to people living #Paycheck2Paycheck? 
https://t.co/ixIpAZSNAn","","0","0"
"#devos","lizn513","","False","1084456211653840896","2019-01-13 14:24:43","RT @lancegould: Dear @realDonaldTrump:
When you go down (and you will) please throw all your corrupt minions, offspring &amp; co-conspirators u‚Ä¶","","3","0"
"#devos","Antony Barone Kolenc","Jacksonville, FL","False","1084452731056734213","2019-01-13 14:10:53","What will be the long-term impact of #Trump and #DeVos on homeschooling? Read my free online column in @PracHomeschool Magazine https://t.co/aIru5filSz https://t.co/W006setvfz","","0","0"
"#devos","rabidwvufanüåä","Virginia ","False","1084451344235278336","2019-01-13 14:05:23","RT @lancegould: Dear @realDonaldTrump:
When you go down (and you will) please throw all your corrupt minions, offspring &amp; co-conspirators u‚Ä¶","","3","0"
"#devos","lancegould","NYC","True","1084449696763002880","2019-01-13 13:58:50","Dear @realDonaldTrump:
When you go down (and you will) please throw all your corrupt minions, offspring &amp; co-conspirators under the bus. #page #flynn #donjr #ivanka #jared #kellyanne #sanders #sessions #manafort #gates #prince #rudy #devos #zinke #pruitt #chao #price #ross #pirro","","3","10"
"#devos","Jcott","","False","1084448963279966210","2019-01-13 13:55:55","RT @BadassTeachersA: 35,000 gun violence deaths a year and #DeVos has wrong answers.  Kids in school shouldn't have to live in fear of shoo‚Ä¶","","7","0"
"#devos","Jim Ferguson","Erehwon","False","1084447083380191234","2019-01-13 13:48:27","RT @BadassTeachersA: 35,000 gun violence deaths a year and #DeVos has wrong answers.  Kids in school shouldn't have to live in fear of shoo‚Ä¶","","7","0"
"#devos","Badass Teachers Asso","National","False","1084446718563823617","2019-01-13 13:47:00","35,000 gun violence deaths a year and #DeVos has wrong answers.  Kids in school shouldn't have to live in fear of shooters re @lauren_hoggs Take action: https://t.co/pwSeZjcsja More info: https://t.co/hU0iN5IfRz #TBATs @FLBATsA https://t.co/K0zxjM1QNy","","7","9"
"#devos","Conspiracy Talk Radio","","False","1084348932019417088","2019-01-13 07:18:26","RT @TrueBeliever271: U.S. #Education Secretary Betsy #DeVos signed a declaration that calls for #brainwashing #children to believe in U.N.‚Ä¶","","1","0"
"#devos","True Believer 271","","False","1084348556884926465","2019-01-13 07:16:56","U.S. #Education Secretary Betsy #DeVos signed a declaration that calls for #brainwashing #children to believe in U.N. backed 'Total Government'.
This suggests that the purpose of #schooling is to teach them to be obedient worker drones.¬†#NWO #conspiracy

https://t.co/zPOQG0d0Xj","","1","0"
"#devos","jarohd","","False","1084285281216487425","2019-01-13 03:05:30","I met a carpenter that did the cabinets and doors for a #DeVos family house.

The price tag was $1.4mil

She spent $35k alone on a pair of doors...for a walk in closet","","0","0"
"#devos","WynAbbadusky","","False","1084279961861668865","2019-01-13 02:44:22","@Rascalisfine @lisamurkowski @senatemajldr Rachel, I 100% feel you. But It‚Äôs not just a Putin scenario. US billionaires #RobertRebekahMercer #DeVos etc pushed  big $$4Trump to get in.Until there is 100% undeniable tangible proof, no1 can make a move. Trump‚Äôs handlers have cloaked him well so far but it won‚Äôt last forever","","0","0"
"#devos","Mexican Mt Mission","","False","1084253748426403841","2019-01-13 01:00:12","We love Saturday devos! #devos #family https://t.co/Vhksayab0K","","0","0"
"#devos","A to the B","California, USA","False","1084155996182798340","2019-01-12 18:31:46","RT @ReaderAdrift: @benwikler @kathsstewart Everyone heard about HRC's emails but how many heard about the extremist education agenda drafte‚Ä¶","","6","0"
"#devos","Risky Liberal","","False","1084155923881435137","2019-01-12 18:31:29","RT @ReaderAdrift: @benwikler @kathsstewart Everyone heard about HRC's emails but how many heard about the extremist education agenda drafte‚Ä¶","","6","0"
"#devos","OUFENIX (D)","Oklahoma","False","1084151337162604545","2019-01-12 18:13:15","RT @ReaderAdrift: @benwikler @kathsstewart Everyone heard about HRC's emails but how many heard about the extremist education agenda drafte‚Ä¶","","6","0"
"#devos","‚ùåFoundersHarvest üå±‚ùå","Deep Inside The Rabbit Holeüêá","False","1084130657423540224","2019-01-12 16:51:05",".@realDonaldTrump needs to get @BetsyDeVosED to retool grants, loans to focus on ""in demand"" courses, degrees not the degrees with few or no job prospects, our country must compete globally with China &amp; other countries, #DeVos has NOT done much to change our incompetent culture https://t.co/rg1FE5d4eh","","1","0"
"#devos","Ronald de Vos","Alphen aan den Rijn","False","1084117965241569280","2019-01-12 16:00:39","RT @Toob_Alers: Altijd bezig! #dancesing 
#deVos https://t.co/xPeRToQ312","","1","0"
"#devos","Toob Alers","Alphen aan den Rijn","False","1084113552674377730","2019-01-12 15:43:07","Altijd bezig! #dancesing 
#deVos https://t.co/xPeRToQ312","","1","2"
"#devos","Rhonda Lee","Kentucky ","False","1084084532561825794","2019-01-12 13:47:48","RT @ReaderAdrift: @benwikler @kathsstewart Everyone heard about HRC's emails but how many heard about the extremist education agenda drafte‚Ä¶","","6","0"
"#devos","XOUYOU 3977","","False","1084007461454000128","2019-01-12 08:41:33","@Fakir_ #Devos
Plaisir des sens
.
.
.
Et Macron qui cette ann√©e se prive de
#Davos","","0","0"
"#devos","marie","","False","1083992197588893696","2019-01-12 07:40:54","RT @ReaderAdrift: @benwikler @kathsstewart Everyone heard about HRC's emails but how many heard about the extremist education agenda drafte‚Ä¶","","6","0"
"#devos","Samantha Sanderson","","False","1083983722968502274","2019-01-12 07:07:13","RT @ReaderAdrift: @benwikler @kathsstewart Everyone heard about HRC's emails but how many heard about the extremist education agenda drafte‚Ä¶","","6","0"
"#devos","Reader Adrift","","False","1083981568153128960","2019-01-12 06:58:39","@benwikler @kathsstewart Everyone heard about HRC's emails but how many heard about the extremist education agenda drafted for DeVos by the #CNP, which Pence calls the most influential gathering of conservatives in America. #DeVos' mother was on the board, her FIL was President.   https://t.co/pTxcxiDPSA","","6","12"
"#devos","Deb Snavely","Tacoma, WA","False","1083978940799115264","2019-01-12 06:48:13","@realDonaldTrump=TRAITOR
@Rogue_DoD @DepSecDef=CORRUPT
@RogueEPAstaff #EPAadmin=POLLUTER
@AltHHS #FDA=ownedbyBigPharma
@BadlandsNPS #SecInterior=sellingUSAlands
@AltDptEducation #DeVos=sellingdebtNignorance

@womensmarch @CommonCause https://t.co/5rnZr1ocaa","","0","0"
"#devos","David Castro","Bronx","False","1083977666758365185","2019-01-12 06:43:09","RT @AltNatParkSer: Future math curriculum:

If you have $200M and need 51 votes, how much money will you have to give each Senator to buy t‚Ä¶","","2001","0"
"#devos","anne","Washington, USA","False","1083956361128378368","2019-01-12 05:18:30","RT @lovetogive2: @RokinRobin @ninaandtito @funder Yes! SPLU published 2014 CNP Membership Directory: #KenBlackwell #Bannon #Devos #Conway C‚Ä¶","","22","0"
"#devos","Water From Air","San Diego, CA","False","1083955196810584065","2019-01-12 05:13:52","RT @MoistureVapor8r: @TheRynheart @DinaSaS69 @56030207415a433 @vintageviolasse @Tahoesquaw1 @KassandraSeven @mommavandam @lynagn @pcjm08 @l‚Ä¶","","8","0"
"#devos","Lovetogive2","","False","1083931077192732672","2019-01-12 03:38:01","RT @lovetogive2: @RokinRobin @ninaandtito @funder Yes! SPLU published 2014 CNP Membership Directory: #KenBlackwell #Bannon #Devos #Conway C‚Ä¶","","22","0"
"#devos","USinjustice","","False","1083868402521907200","2019-01-11 23:28:59","RT @mikeitzkowitz: Need more of a reason why Secretary #DeVos should not have reinstated the troubled college accreditor known as #ACICS? R‚Ä¶","","6","0"
"#devos","LOSC avant tout","","False","1083832431474626562","2019-01-11 21:06:02","RT @LOSC_Feminines: En octobre, @MorganeNicoli et @0uleyeSarr ont particip√© √† la dict√©e @ELAOfficielle  au coll√®ge Raymond #Devos de #Hem,‚Ä¶","","6","0"
"#devos","Moms","Paris, France","False","1083799759918456833","2019-01-11 18:56:13","RT @LOSC_Feminines: En octobre, @MorganeNicoli et @0uleyeSarr ont particip√© √† la dict√©e @ELAOfficielle  au coll√®ge Raymond #Devos de #Hem,‚Ä¶","","6","0"
"#devos","LONGELIN","Valenciennes, France","False","1083792679480279047","2019-01-11 18:28:05","RT @LOSC_Feminines: En octobre, @MorganeNicoli et @0uleyeSarr ont particip√© √† la dict√©e @ELAOfficielle  au coll√®ge Raymond #Devos de #Hem,‚Ä¶","","6","0"
"#devos","Pepito","","False","1083761479940231168","2019-01-11 16:24:06","RT @LOSC_Feminines: En octobre, @MorganeNicoli et @0uleyeSarr ont particip√© √† la dict√©e @ELAOfficielle  au coll√®ge Raymond #Devos de #Hem,‚Ä¶","","6","0"
"#devos","TheDailyEDU","","False","1083760694229647361","2019-01-11 16:20:59","RT @BrumanGroup: Betsy #DeVos Should 'Recommit' to Enforcing Civil Rights Laws, Coalition Says. #Education #CivilRights #K12 https://t.co/W‚Ä¶","","1","0"
"#devos","ROBOT LOSC","","False","1083760275776520193","2019-01-11 16:19:19","RT @LOSC_Feminines: En octobre, @MorganeNicoli et @0uleyeSarr ont particip√© √† la dict√©e @ELAOfficielle  au coll√®ge Raymond #Devos de #Hem,‚Ä¶","","6","0"
"#devos","Morgane Nicoli","Lille, France","False","1083759806878498817","2019-01-11 16:17:27","RT @LOSC_Feminines: En octobre, @MorganeNicoli et @0uleyeSarr ont particip√© √† la dict√©e @ELAOfficielle  au coll√®ge Raymond #Devos de #Hem,‚Ä¶","","6","0"
"#devos","Laurie Resisting","Lost ","False","1083759652830150662","2019-01-11 16:16:51","@McFaul Getting #DeVos out of #education is the first time in fixing education problems. 
Do our schools each need a #Wall? #recycled #plastic?","","0","0"
"#devos","LOSC F√©minines","","False","1083759383912349697","2019-01-11 16:15:47","En octobre, @MorganeNicoli et @0uleyeSarr ont particip√© √† la dict√©e @ELAOfficielle  au coll√®ge Raymond #Devos de #Hem, les laur√©ats de cette dict√©e sont invit√©s pour venir soutenir les filles ce dimanche au @StadiumLM lors de cette affiche entre le @losclive et le @PSG_Feminines https://t.co/v467H6c6hW","","6","15"
"#devos","Brustein & Manasevit","Washington, DC","False","1083758991992340480","2019-01-11 16:14:13","Betsy #DeVos Should 'Recommit' to Enforcing Civil Rights Laws, Coalition Says. #Education #CivilRights #K12 https://t.co/Wi633JLRaM via @PoliticsK12","","1","0"
"#devos","Aolani Smythe","üåê","False","1083757570714624001","2019-01-11 16:08:34","@GLSEN #RESIST to #DeVos who's inexperienced on handling the dept of edu. another scam/fraud of corrupt #TrumpAdministration - #EducationForAll #DeVosResign #ProtectLGBTQ #LGBTQRights are  #HumanRights #ConstitutionalRights","","0","3"
"#devos","DB","","False","1083748083412946945","2019-01-11 15:30:52","Great thought from my devo today - the Lord has been showing me a lot this week about going before him boldly - what are you believing for boldly today? #truth #bible #devos https://t.co/FcHZ7IBWrk","","0","0"
"#devos","DoomsdaysCWüåªüåπ‚ò¢Ô∏è","Planet Earth","False","1083738799253925889","2019-01-11 14:53:59","RT @DoomsdaysCW: The Corporate Plan to Groom U.S. Kids for Servitude by Wiping Out Public Schools
https://t.co/sR7EK1kqRo
#Oligarchy #MAGA‚Ä¶","","4","0"
"#devos","Michael Balter","Recently returned to USA from 29 yrs exile in Europe.","False","1083711296632119296","2019-01-11 13:04:42","RT @CantlonLab: If you want to quickly familiarize yourself with the DANGERS of the #DeVos #TitleIX changes read the short analysis here:
h‚Ä¶","","1","0"
"#devos","Jessica Cantlon","Carnegie Mellon University","False","1083711256446623750","2019-01-11 13:04:32","If you want to quickly familiarize yourself with the DANGERS of the #DeVos #TitleIX changes read the short analysis here:
https://t.co/3GtzhL0qc7","","1","0"
"#devos","Lorraine Russell","Charlotte, NC","False","1083685345554808832","2019-01-11 11:21:34","Are you asking #betterquestions? #BusinessInReality #Devos https://t.co/caxDUREtKO","","0","0"
"#devos","Fab GOD #SOLAR","Universal Everywhere","False","1083463006103601152","2019-01-10 20:38:05","@RuthHHopkins Senators that don't like or believe in  Government and work essentially for Oligarchs #deVos #KochBrothers should step aside, retire, and remain in private sector where they belong.  Government is #forthePeople","","0","2"
"#devos","K.2018","British Columbia","False","1083448663328915457","2019-01-10 19:41:05","@daveweigel #Europe #HabitatRestoration #Species #Ecosystem #Watershed #Balance #Rivers #Devos @ylc_jlc @CJPMYC @CanadianPM @JustinTrudeau @liberal_party @parti_liberal @businessinsider","","0","0"
"#devos","K.2018","British Columbia","False","1083446360702111744","2019-01-10 19:31:56","@seungminkim @ylc_jlc @CJPMYC @CanadianPM @JustinTrudeau @liberal_party @parti_liberal @businessinsider #heat #shutdown #water #ice #melting #climatechange #salt #deadsea #russia #devos","","0","0"
"#devos","Jerry Hall","San Diego CA","False","1083415876156542976","2019-01-10 17:30:48","@kylegriffin1 @Kris_Sacrebleu Like #DeVos being the most dangerous person to our children's education and futures, #Carson is the most dangerous to our families... and in both cases, primairly the poor and people of color. 

#boycottAMWAY until family member DeVos is removed from office.","","1","3"
"#devos","LizzieShore","Venice, CA","False","1083406366922821635","2019-01-10 16:53:01","@VP @abbydphillip @POTUS This isn‚Äôt for ‚Äúthe American people‚Äù. Since illegitimately taking the WH, Trump &amp; admin have sought to intentionally inflict harm on US citizens, this #TrumpShutdown being the latest version. #PuertoRico, stripping healthcare, #DeVos, withdrawl of protections for clean air/water.","","0","0"
"#devos","Gilliganista!‚Ñ¢","#ConstitutionalSweatEquity üóΩ","False","1083403523902062592","2019-01-10 16:41:43","#Manafort #Kilimnik #Deripaska #pollingdata #voterrolls #Preibus @Reince #CambridgeAnalytica #Nix #Mercer #Bannon #EmerdataLimited #Palantir #Thiele #SpectrumHealth #Prince #DeVos #AlfaBank #TrumpTower @VP #Pence ""@POTUS"" #Trump #RICO #GOP @PRyan #Ryan #McConnell @senatemajldr https://t.co/EyMH2Y3vdw","","0","0"
"#devos","DB","","False","1083402275794665472","2019-01-10 16:36:45","Great reminder from today‚Äôs devos. #truth #bible #devos #votd https://t.co/EWCFFOIaKY","","0","0"
"#devos","SophiaL","","False","1083354421910597632","2019-01-10 13:26:36","@stlred05 Cruella DeVille aka #DeVos IS A RACIST SCUMBAG! #VoteGOPOut #BlueWave2020!!","","0","0"
"#devos","WrathofJan","Calgary","False","1083348580033687552","2019-01-10 13:03:23","RT @lovetogive2: @MargeryAPW @shreec @Parent_Partners #Connell #Donatelli Inc worked on Dick #DeVos for Governor campaign: https://t.co/4mf‚Ä¶","","45","0"
"#devos","Chris","Cuyahoga Falls, OH","False","1083320124927549440","2019-01-10 11:10:19","@senrobportman Let's hear your appreciation for our FBI.  Let's hear your appreciation for Robert Mueller.  Soon we will hear that you've met with POTUS's  AG candidate William Barr and discovered that he is incredibly qualified--like every other POTUS pick you approved.  #Pruitt #Zinke #DeVos","","0","2"
"#devos","Susan Medici","Planet Earth","False","1083317870577311744","2019-01-10 11:01:22","This bitch #Devos is more dangerous than her #Warmonger brother #ErikPrince ü§¨ü§¨ü§¨ https://t.co/q9m31uHqYM","","0","1"
"#devos","Events Daily","District of Columbia, USA","False","1083232176039178240","2019-01-10 05:20:50","RT @Hollaka_Hollala: While the DeVoses are less well known than the #Kochs, they have played a similar role in bankrolling the rightward ma‚Ä¶","","44","0"
"#devos","Stefany Deckard","Indiana, USA","False","1083215862004367361","2019-01-10 04:16:01","RT @BrumanGroup: To Boost Career-Tech, Businesses Should 'Visit an Educator,' Betsy #DeVos Says. #Education #CTE #K12 https://t.co/179bsfzd‚Ä¶","","2","0"
"#devos","TABSURVIORCDN","","False","1083204832175960065","2019-01-10 03:32:11","@kylegriffin1 If a GOP mouth is moving.......IT IS LYING.......Confirmation Hearings are nothing but BS....""I will say anything to get confirmed because GOP are going to Confirm me anyway."" #DeVos #Kavanaugh #Gorsuch #Sessions #Pompeo #Wray #Munuchin #Ross #Haskell #Barrü§î","","0","1"
"#devos","Birdy","King, NC","False","1083186727819329537","2019-01-10 02:20:15","RT @loverules_julie: @BernieSanders @SusanSarandon @UTLAnow There's been an Attack against Public Education for decades. #Devos is part of‚Ä¶","","1","0"
"#devos","Julia Schleifer","CT","False","1083179661356662784","2019-01-10 01:52:10","@BernieSanders @SusanSarandon @UTLAnow There's been an Attack against Public Education for decades. #Devos is part of  Alt Right Christians that should scare all. Chris Hedges' book ""The American Fascists:The Christian Right and The War on America"", is written by a Harvard Divinity School grad who does Know the Bible!","Place(name='New Haven', place_type='city', country='United States', id='795003fb11ee9829', _api=<tweepy.api.API object at 0x7f89c8481940>, full_name='New Haven, CT', attributes={}, bounding_box=BoundingBox(coordinates=[[[-72.998069, 41.246404], [-72.860248, 41.246404], [-72.860248, 41.350384], [-72.998069, 41.350384]]], _api=<tweepy.api.API object at 0x7f89c8481940>, type='Polygon'), url='https://api.twitter.com/1.1/geo/id/795003fb11ee9829.json', country_code='US', contained_within=[])","1","6"
"#devos","Bob Mueller III üî•#IndictIndividual1 #TrumpResign","Philadelphia, PA","False","1083132988156723201","2019-01-09 22:46:42","@MsEnergyHealer @RepAdamSchiff we need answers from #DeVos. What role did she play in the hacking? Erik Prince too?","","0","0"
"#devos","Bob Mueller III üî•#IndictIndividual1 #TrumpResign","Philadelphia, PA","False","1083132579774115841","2019-01-09 22:45:05","@MsEnergyHealer @RepJerryNadler @HouseJudiciary @OversightDems: Ask #DeVos why her #SpectrumHealthServer in Michigan, sent voter data to #TrumpTowerServer and #AlfaBankServer? Also ask her why she hired #MariaPutin to help? @RepCummings @repjohnlewis @RonWyden @SenBlumenthal @RepAdamSchiff https://t.co/rlLLDKilZv","","0","0"
"#devos","TheBestSchools.org","Georgetown, KY","False","1083121637162135553","2019-01-09 22:01:36","What can we expect from Trump, DeVos, and Congress to improve education in 2019? Get in the know... https://t.co/sfrtD4HWtC #education #DeVos","","0","0"
"#devos","Mark Edward Barr","NYC - USA","False","1083115579790290944","2019-01-09 21:37:32","@realDonaldTrump maybe you stop destroying our Education System w/ #Devos and our planet w/ coal lobbyists in #EPA jobs and we‚Äôll let #LEGOs build your wall","","0","0"
"#devos","ComposHer","Paris, France","False","1083110858828533773","2019-01-09 21:18:46","La p√©tillante Jodie #Devos rencontre l'espi√®glerie d'#Offenbach dans un disque joyeux et color√©, pr√©sent√© aujourd'hui dans #MusiqueMatin ! 
&gt;&gt;&gt; https://t.co/gLefDHFSeE
@francemusique #opera #femalesinger","","0","1"
"#devos","Penni Kernot","Earth","False","1083104437965672463","2019-01-09 20:53:15","RT @lovetogive2: @RokinRobin @ninaandtito @funder Yes! SPLU published 2014 CNP Membership Directory: #KenBlackwell #Bannon #Devos #Conway C‚Ä¶","","22","0"
"#devos","Say NO to Corruption","","False","1083095377396432896","2019-01-09 20:17:15","No thanks to #Devos of @deptofeducation who tried to mandate #unfair and #bloated loans be paid for by students. Having a large amount of student debt, often from #forprofit universities, financially disables #american #workingclass and #middleclass. https://t.co/gy3gUWI2Eu","","0","0"
"#devos","Dmitch EX-GOP Consrv","Virginia, USA","False","1083067230127120384","2019-01-09 18:25:24","RT @lovetogive2: @MargeryAPW @shreec @Parent_Partners #Connell #Donatelli Inc worked on Dick #DeVos for Governor campaign: https://t.co/4mf‚Ä¶","","45","0"
"#devos","Bob Mueller III üî•#IndictIndividual1 #TrumpResign","Philadelphia, PA","False","1083039698296152070","2019-01-09 16:36:00","@paulmitche11 @AuhsdBond Yup! The worst especially in 2016! The #GRUChangedVoteTotals in MI, WI, PA with help from #DeVos and #MariaPutin, #deripaska #kilimnik #Bannon #Farange #BorisJohnson #RICOWilburRoss #RICOMnuchinüëâüèæ #Treasury @OversightDems @RepMaxineWaters @RepAdamSchiff @SpeakerPelosi https://t.co/pzeRmpL4uk","","0","0"
"#devos","Bob Mueller III üî•#IndictIndividual1 #TrumpResign","Philadelphia, PA","False","1083021555549065217","2019-01-09 15:23:55","@Emolclause @GOPChairwoman There‚Äôs more #DeVos owns #SpectrumHealth, allowed #MariaPutin to help #rigMichigan2016. They had direct help from Putin, his daughters, #deripaska, #Kilimnik, #Mogelivich and #GRUBots @WhipClyburn @RepMaxineWaters @SpeakerPelosi @RepAdamSchiff plz #subpoenaDeVos https://t.co/Hx9ff9fNmo","","0","0"
"#devos","Bob Mueller III üî•#IndictIndividual1 #TrumpResign","Philadelphia, PA","False","1082836400922349568","2019-01-09 03:08:10","@GaleTStrong Yup! @RepMaxineWaters @RepAdamSchiff @RepJerryNadler @RonWyden @JudiciaryDems @HouseJudiciary @SenBlumenthal ask #DeVos why she worked with #MariaPutin at #SpectrumHealth sharing our #voterdata with #AlfaBank and #GRU? Manafort likely #coordinated with #Kilimniküî• https://t.co/2DJTzzhnoV","","0","0"
"#devos","Bob Mueller III üî•#IndictIndividual1 #TrumpResign","Philadelphia, PA","False","1082830659561889792","2019-01-09 02:45:21","@ParazziD @NBCNews And #SpectrumHealth owned by #DeVos üî• She had #MariaPutin working there too üî•üî• @RepJerryNadler @OversightDems @HouseJudiciary @JudiciaryDems @SenBlumenthal @MarkWarner @SenateDems @HouseDemocrats @SpeakerPelosi @DemocraticAGs #MichiganAG #IndictDeVos https://t.co/BP8wyC0L7s","","0","0"
"#devos","Checks&Balances","Florida","False","1082825537272377344","2019-01-09 02:25:00","RT @rweingarten: Ron DeSantis was sworn in today &amp; not a word was devoted to investment in public education. CTE &amp; civics are great, but a‚Ä¶","","7","0"
"#devos","Drew","","False","1082823419089977346","2019-01-09 02:16:35","@UTLAnow @AustinLASchools I support the teachers and my family and kids will be striking along side them. The ‚Äòscab‚Äô vetting process is a joke.  Poor leadership by Austin Beutner.  If you don‚Äôt support teachers or students why are you there? #devos-sequel","","0","0"
"#devos","Sandy Rohn","Florida","False","1082813039483723776","2019-01-09 01:35:20","RT @rweingarten: Ron DeSantis was sworn in today &amp; not a word was devoted to investment in public education. CTE &amp; civics are great, but a‚Ä¶","","7","0"
"#devos","FL Education Assn","Tallahassee, FL","False","1082760309633363971","2019-01-08 22:05:49","RT @rweingarten: Ron DeSantis was sworn in today &amp; not a word was devoted to investment in public education. CTE &amp; civics are great, but a‚Ä¶","","7","0"
"#devos","Mark Bostic","Philly","False","1082753171171233792","2019-01-08 21:37:27","RT @rweingarten: Ron DeSantis was sworn in today &amp; not a word was devoted to investment in public education. CTE &amp; civics are great, but a‚Ä¶","","7","0"
"#devos","no trumpette!","United States","False","1082746489644949504","2019-01-08 21:10:54","RT @1111summit: @MarkWarner @WendyLouWho11 ü§îwho is on this committee of cyber security? Is it law enforcement/ppl sworn 2 #oathofoffice ?‚Ä¶","","1","0"
"#devos","June Kasminoff","New York","False","1082745385968435202","2019-01-08 21:06:31","RT @rweingarten: Ron DeSantis was sworn in today &amp; not a word was devoted to investment in public education. CTE &amp; civics are great, but a‚Ä¶","","7","0"
"#devos","Marie Nelligan","San Francisco, CA","False","1082713407113981952","2019-01-08 18:59:26","RT @rweingarten: Ron DeSantis was sworn in today &amp; not a word was devoted to investment in public education. CTE &amp; civics are great, but a‚Ä¶","","7","0"
"#devos","Alice bobra","","False","1082702438497345537","2019-01-08 18:15:51","RT @rweingarten: Ron DeSantis was sworn in today &amp; not a word was devoted to investment in public education. CTE &amp; civics are great, but a‚Ä¶","","7","0"
"#devos","Randi Weingarten","Washington, DC","True","1082701976209625091","2019-01-08 18:14:01","Ron DeSantis was sworn in today &amp; not a word was devoted to investment in public education. CTE &amp; civics are great, but a #DeVos agenda to destabilize pub ed is not. That‚Äôs why educators are using his hashtag to tell him what kids need. #Flinauguration https://t.co/BIq0tgkbwg","","7","10"
"#devos","INSIGHT Magazine","","False","1082694692112945154","2019-01-08 17:45:04","Under the proposal, online programs would not need to disclose information about whether they meet state licensure requirements. #DeVos #highered #edpolicy https://t.co/sVTKKQ5UAp","","0","0"
"#devos","D Flood","","False","1082691065230983168","2019-01-08 17:30:40","RT @lovetogive2: @RokinRobin @ninaandtito @funder Yes! SPLU published 2014 CNP Membership Directory: #KenBlackwell #Bannon #Devos #Conway C‚Ä¶","","22","0"
"#devos","Water From Air","San Diego, CA","False","1082684574839103489","2019-01-08 17:04:52","RT @MoistureVapor8r: #Democracy: blow out #Koch's $ick $$NOT @GOP glob: #Sessions #Gorsuch #Prince #Devos #Mercer #Bannon #Perry #Pruitt #T‚Ä¶","","3","0"
"#devos","Brustein & Manasevit","Washington, DC","False","1082652196880162817","2019-01-08 14:56:13","#DeVos moves to boost college online learning while reducing regulatory oversight. #Education #HigherEd https://t.co/zDsbk6kCd3 via @washingtonpost","","0","0"
"#devos","Sara Stapleton","Washington Dc","False","1082650720493584390","2019-01-08 14:50:21","Company with DeVos ties awarded Education Dept debt-collection contract: report
 https://t.co/xUiDLIrnmv

#devos #betsydevos","","0","0"
"#devos","Gilliganista!‚Ñ¢","#ConstitutionalSweatEquity üóΩ","False","1082650670673596419","2019-01-08 14:50:09","#ErikPrince #Prince #Blackwater #OSC #Mueller #Seychelles #Dmitriev #Putin #sovereignwealthfund #backchannel ‚Äú@POTUS‚Äù #Trump #Moscow #UAE #AbuDhabi #MohammedbinZayed #MbZ #Nader #immunity #bauxite #FrontierServicesGroup #Citic #China #cobalt #DRC #Congo #DeVos #BettyDeVos #RICO https://t.co/XP5AibzCDn","","0","0"
"#devos","AZ Dynamics Tucson","Tucson, AZ","False","1082626858766819328","2019-01-08 13:15:32","Our Flash girls are working hard on Handstand Shapes üí™
#azdynamicstucson #handstand #drills #skills #progressions #flatback #shrugup #gymnastics #littlegymnasts #developmental #devos @‚Ä¶ https://t.co/C67HWNH89t","","0","0"
"#devos","MomTo2 #Resist","United States","False","1082622360212115456","2019-01-08 12:57:39","RT @SheBleeds: @Alyssa_Milano If #evangelical internment camps don‚Äôt come up as a main factor, she won‚Äôt have the whole story. They don‚Äôt w‚Ä¶","","1","0"
"#devos","Suzan"," Canada","False","1082501067626041350","2019-01-08 04:55:41","A great thread by @jennycohn1 regarding #CNP #Council for #National #Policy and Bill #Dallas and Steve #Bannon (#DeVos #Conway) !!!... https://t.co/uAtx8MyKVf","","0","0"
"#devos","Angel","United States","False","1082493289054523393","2019-01-08 04:24:46","@MarkWarner @WendyLouWho11 ü§îwho is on this committee of cyber security? Is it law enforcement/ppl sworn 2 #oathofoffice ?

Day1‚Äî#kushner tried 2connect servers w/#Russia
#Devos family connected 2Russia Server thru #cambridgeanalytica 

Maybe shutdown was 4 Putin to get in USA system~as Trump requested x3","","1","1"
"#devos","Debra Isaacs Schafer","Philadelphia area","False","1082481455861825537","2019-01-08 03:37:45","#DeVos is at it again, targeting #students of color and those with #disabilities...https://t.co/co2vNfZOdN","","0","0"
"#devos","Terry Wiens","Calgary, Alberta","False","1082480789005062144","2019-01-08 03:35:06","@The_UnSilent_ After his current job I would have concerns over any higher learning institute that would hire him unless it‚Äôs one of #Devos charter schools","","0","0"
"#devos","Joy","East Coast. USA","False","1082471894039887872","2019-01-08 02:59:45","@LauraRoslin2017 Oh yes, I'm VERY angry. The #Devos family makes $ on many shelters.","","1","5"
"#devos","Jonathan Norris","Arlington Heights, IL","False","1082450805981175810","2019-01-08 01:35:57","""The least common of all after-school activities is reading the Bible/devotions/prayer (8%), but this is much more commonly reported among parents who identify as Christians (9%) than non-Christians (3%)."" #BibleIntake #Devos #Prayer https://t.co/5Yr5n6RjNV","","0","0"
"#devos","jeanne rocque","","False","1082430121745752064","2019-01-08 00:13:46","RT @SuitUpMaine: #DeVos and #Trump want to gut protections for students who've been sexually assaulted. Submit a public comment by Jan. 28‚Ä¶","","12","0"
"#devos","LiLsWord Grey Matter","Of Thoughts","False","1082404155250094086","2019-01-07 22:30:35","RT @PennyPhilosophy: #DeVos
#Blackwater
#MuellerInvestigation 
#TrumpRussia
what a hydra of snaky elements https://t.co/f5iLL7EPoN","","5","0"
"#devos","Charles Cambron","Spring/Houston,Texas","False","1082401981904416769","2019-01-07 22:21:57","RT @PennyPhilosophy: #DeVos
#Blackwater
#MuellerInvestigation 
#TrumpRussia
what a hydra of snaky elements https://t.co/f5iLL7EPoN","","5","0"
"#devos","Amy Smith","CA","False","1082389170113277952","2019-01-07 21:31:02","RT @PennyPhilosophy: #DeVos
#Blackwater
#MuellerInvestigation 
#TrumpRussia
what a hydra of snaky elements https://t.co/f5iLL7EPoN","","5","0"
"#devos","Michelle Grimwood","Las Vegas,NV by VA, GA & TX","False","1082388285513584641","2019-01-07 21:27:31","RT @PennyPhilosophy: #DeVos
#Blackwater
#MuellerInvestigation 
#TrumpRussia
what a hydra of snaky elements https://t.co/f5iLL7EPoN","","5","0"
"#devos","üî•‚òéÔ∏èCONGRESS (202) 224-3121","New York, NY","False","1082388197903163392","2019-01-07 21:27:10","RT @PennyPhilosophy: #DeVos
#Blackwater
#MuellerInvestigation 
#TrumpRussia
what a hydra of snaky elements https://t.co/f5iLL7EPoN","","5","0"
"#devos","David Terry","","False","1082387549031518209","2019-01-07 21:24:36","@GOPChairwoman Aren‚Äôt you the ultimate partisan, @GOPChairwoman? And, speaking of partisan this article comes from that noted ‚Äúnews‚Äù organization, https://t.co/6dX5PnvO7g.

And, speaking of corruption...
#zinke 
#pruitt 
#price
#DeVos
#Wheeler
#carson
#TrumpHotel 
#SaudiaArabia 
#KushnerQatari","","0","2"
"#devos","LuRain üíã","On the Crest of a Wave!","False","1082386548643946497","2019-01-07 21:20:37","#DeVos
#Blackwater
#MuellerInvestigation 
#TrumpRussia
what a hydra of snaky elements https://t.co/f5iLL7EPoN","","5","3"
"#devos","healthcareforall","","False","1082331490711732224","2019-01-07 17:41:50","RT @healthcareicare: @debakes @MiamiHerald @LoriPAUSA @GOP @onetoughnerd I know @MMFlint had publiclly spoken out for his arrest... Snyder‚Ä¶","","2","0"
"#devos","Hi","California, USA","False","1082321793560436737","2019-01-07 17:03:18","@cbouzy I want to hear more from this beautiful, intelligent, &amp; enlightened little girl.  @jimmykimmel @StephenAtHome @Trevornoah. 
@disney @Nickelodeon, please take heed of this child's thirst for knowledge &amp; clarity #PilotSeason.  We've already got #DeVos to dumb down our kids...","","0","0"
"#devos","Jeremiah Johnson üëä","United States","False","1082309759188025345","2019-01-07 16:15:29","@Tammarie123 @AOC #DeVos is heavily invested in both private prisons and child detention facilities.  Impeach trump &amp; indict that sow.","","0","0"
"#devos","Jan Holly","Oroville, CA","False","1082302897499516928","2019-01-07 15:48:13","Wow, good thought for the day!!!!  #devos https://t.co/7gCksnpohK","","0","0"
"#devos","IndivisibleSagadahoc","Sagadahoc County ME","False","1082292498532368385","2019-01-07 15:06:54","RT @SuitUpMaine: #DeVos and #Trump want to gut protections for students who've been sexually assaulted. Submit a public comment by Jan. 28‚Ä¶","","12","0"
"#devos","Amanda Johnson","","False","1082292234463125505","2019-01-07 15:05:51","RT @SuitUpMaine: #DeVos and #Trump want to gut protections for students who've been sexually assaulted. Submit a public comment by Jan. 28‚Ä¶","","12","0"
"#devos","Ben_Franklin","Philadelphia, London, Paris, ","False","1082292233334910976","2019-01-07 15:05:51","RT @SuitUpMaine: #DeVos and #Trump want to gut protections for students who've been sexually assaulted. Submit a public comment by Jan. 28‚Ä¶","","12","0"
"#devos","Dylan Hunt #Œ©","Maine","False","1082291800453328896","2019-01-07 15:04:07","RT @SuitUpMaine: #DeVos and #Trump want to gut protections for students who've been sexually assaulted. Submit a public comment by Jan. 28‚Ä¶","","12","0"
"#devos","DB","","False","1082288033037197315","2019-01-07 14:49:09","So thankful for the grace God shows me every day and the opportunities I get every day, even though I fail sometimes, to extend that grace to others. #truth #bible #devos #votd https://t.co/883hTRx3ma","","0","2"
"#devos","Julie","","False","1082261916742008833","2019-01-07 13:05:23","RT @SuitUpMaine: #DeVos and #Trump want to gut protections for students who've been sexually assaulted. Submit a public comment by Jan. 28‚Ä¶","","12","0"
"#devos","SSimms777","Mississippi, USA","False","1082150917770747904","2019-01-07 05:44:18","RT @healthcareicare: @debakes @MiamiHerald @LoriPAUSA @GOP @onetoughnerd I know @MMFlint had publiclly spoken out for his arrest... Snyder‚Ä¶","","2","0"
"#devos","George Scholz","Greater Phoenix Area","False","1082145417922600960","2019-01-07 05:22:27","RT @ifootworx: @realDonaldTrumpüá∑üá∫ @POTUS Uare1 F‚Äôin #DUMB #Moron!We mean DUMB!#DeVos Dumb #BetsyDeVos #DUMB! #BetsyDevosDUMB! @BetsyDeVosED‚Ä¶","","1","0"
"#devos","George Scholz","Greater Phoenix Area","False","1082145062820155392","2019-01-07 05:21:02","@realDonaldTrumpüá∑üá∫ @POTUS Uare1 F‚Äôin #DUMB #Moron!We mean DUMB!#DeVos Dumb #BetsyDeVos #DUMB! #BetsyDevosDUMB! @BetsyDeVosED @BetsyDeVos @DickDeVos @Amway @AmwayUS ü§°ü§°U aren‚Äôt fit to utter @BarackObama or ANY of Our Real #Presidents!SHUTurDamn piehole!UAreAnEmbarrassment toüá∫üá∏üá∫üá∏! https://t.co/StpfJvoubL","","1","1"
"#devos","Kimberly Jones","Orlando, FL","False","1082143788242472961","2019-01-07 05:15:59","@SnoopDogg can we point our #expletives at the #Dumpster instead of the #FederalWorkers. How many do you believe really support #Trump?  Must be all those #billionaires he appointed to head government Agencies ie #DeVos https://t.co/kVeZPoO63T","","0","0"
"#devos","Alt Acadia NPS","Maine","False","1082098538358755328","2019-01-07 02:16:10","RT @SuitUpMaine: #DeVos and #Trump want to gut protections for students who've been sexually assaulted. Submit a public comment by Jan. 28‚Ä¶","","12","0"
"#devos","frannyhelen","Raleigh, NC","False","1082090993632067584","2019-01-07 01:46:11","RT @SuitUpMaine: #DeVos and #Trump want to gut protections for students who've been sexually assaulted. Submit a public comment by Jan. 28‚Ä¶","","12","0"
"#devos","JES","","False","1082076925068304391","2019-01-07 00:50:17","RT @SuitUpMaine: #DeVos and #Trump want to gut protections for students who've been sexually assaulted. Submit a public comment by Jan. 28‚Ä¶","","12","0"
"#devos","healthcareforall","","False","1082075775279525888","2019-01-07 00:45:43","@debakes @MiamiHerald @LoriPAUSA @GOP @onetoughnerd I know @MMFlint had publiclly spoken out for his arrest... Snyder has #Devos Money.. MI Billionaires hang together... Amway sells water filters, gee go figure. #ArrestSnyder","","2","4"
"#devos","Pinetop","Maine","False","1082075138810671107","2019-01-07 00:43:11","RT @SuitUpMaine: #DeVos and #Trump want to gut protections for students who've been sexually assaulted. Submit a public comment by Jan. 28‚Ä¶","","12","0"
"#devos","Glenn Griffin","Maine, USA","False","1082072256677842944","2019-01-07 00:31:44","RT @SuitUpMaine: #DeVos and #Trump want to gut protections for students who've been sexually assaulted. Submit a public comment by Jan. 28‚Ä¶","","12","0"
"#devos","Suit Up Maine","Maine, USA","False","1082071793102438402","2019-01-07 00:29:54","#DeVos and #Trump want to gut protections for students who've been sexually assaulted. Submit a public comment by Jan. 28 opposing the rollbacks. Mainers, also ask @chelliepingree and @repgolden to co-sponsor bills to protect survivors! 
#ProtectTitleIV
https://t.co/qI8tDoIlVg","","12","14"
"#devos","Rose Worden","Washington, DC","False","1082068566847963136","2019-01-07 00:17:04","Great podcast: https://t.co/J3WMDJVhLY #DeVos #mlm #trickledown #midwest","","0","1"
"#devos","‚ù§To Me, It Matters‚òÆÔ∏è","üéµWherever BLUE OCTOBER isüé∂","False","1082001575814594560","2019-01-06 19:50:52","@Alyssa_Milano If #evangelical internment camps don‚Äôt come up as a main factor, she won‚Äôt have the whole story. They don‚Äôt want us knowing, but we do. Please expose them! 
#Exvangelical #HHS #BCFS #Bethany #DeVos #Pence #Abuse #ChildrenInCages #AlyssaMilano","","1","3"
"#devos","Trinity_ND_USA","Texas","False","1082000826846064640","2019-01-06 19:47:54","Yeah, 4 #MeToo I was only 5, but it has stayed with me. #MAGA but NOT 1950's style. The 1970's, when everyone was free &amp; hate had been publicly denounced No #GoldWater  or #Wallace , but now it is back #Trump #McConnell #Sessions #Kavanaugh #LindseyGraham #Mulvaney #Devos et al. https://t.co/1c1b81GuJD","","0","0"
"#devos","Lovetogive2","","False","1081992033475031040","2019-01-06 19:12:57","RT @lovetogive2: @Sparklepuff2 @OttolineMorrell @Eamon0303 @Khanoisseur @Sativa888 @AttilioArmeni Dominionist extremist #CNP: https://t.co/‚Ä¶","","56","0"
"#devos","bobbydigits","Puerto Plata","False","1081952152115916800","2019-01-06 16:34:29","You would think #DeVos must be behind it... https://t.co/b3K2VDfyjn","","0","0"
"#devos","Activist -Ohio BAT","Columbus Ohio","False","1081929263115321345","2019-01-06 15:03:32","@chucktodd @MeetThePress @SenatorCollins @SenatorCollins I am donating to your opponents.  #Kavanaugh and #Devos confirmation.","Place(name='Columbus', place_type='city', country='United States', id='3df0e3eb1e91170b', _api=<tweepy.api.API object at 0x7f89c8481940>, full_name='Columbus, OH', attributes={}, bounding_box=BoundingBox(coordinates=[[[-83.200169, 39.832013], [-82.7713751, 39.832013], [-82.7713751, 40.157354], [-83.200169, 40.157354]]], _api=<tweepy.api.API object at 0x7f89c8481940>, type='Polygon'), url='https://api.twitter.com/1.1/geo/id/3df0e3eb1e91170b.json', country_code='US', contained_within=[])","0","6"
"#devos","Cincinnati Teachers","","False","1081909438393417728","2019-01-06 13:44:45","RT @MorgyWV: We wish #Devos well as she recovers from her accident. But lets make this a teachable moment and remind her that her admn supp‚Ä¶","","1","0"
"#devos","Bob Morgenstern","Charleston, WV","False","1081884130504331265","2019-01-06 12:04:11","We wish #Devos well as she recovers from her accident. But lets make this a teachable moment and remind her that her admn supports the repeal of the ACA allows millions to receive affordable &amp; accessible health care, just as she got https://t.co/6thTFLH0rj @AFTunion @rweingarten","","1","1"
"#devos","Water From Air","San Diego, CA","False","1081744250528706561","2019-01-06 02:48:21","RT @MoistureVapor8r: Betsy #Devos's brother Erik #Prince founded #Blackwater (Cheney's favorite mercenaries to get oil path in Iraq &amp; Caspi‚Ä¶","","3","0"
"#devos","Water From Air","San Diego, CA","False","1081741980714000384","2019-01-06 02:39:20","RT @MoistureVapor8r: @pbump More sig: the #Seychellles backchannel to #Russia for #UAE #Nukes development (with Trump #funder &amp; inauguratio‚Ä¶","","4","0"
"#devos","Water From Air","San Diego, CA","False","1081741933100204033","2019-01-06 02:39:09","RT @MoistureVapor8r: @WendySiegelman #Devos was installed by disgraceful #Pence, longtime #pal of her bloody bro (Iraq oil mercenary Blackw‚Ä¶","","10","0"
"#devos","Water From Air","San Diego, CA","False","1081741149063139329","2019-01-06 02:36:02","RT @MoistureVapor8r: Bloody #WarProfiteer criminal mercenary-for-oil #ErikPrince (bro of Betsy #DeVos and longtime pal of #PenceKnew ALL th‚Ä¶","","8","0"
"#devos","Sharon Richard#WeAreThePatriots","Ohio, USA","False","1081679184559255552","2019-01-05 22:29:48","#DeVos recovering from surgery for broken bone#what The Heck Is Tis Old Bat Doing In A Bikini???? What A DogüòÇüòÇüòÇüòÇüòÇ","","0","0"
"#devos","Paul Wouters","","False","1081651364005117954","2019-01-05 20:39:15","Hoe belachelijk kun je zijn! Ze doen het goed zegt #Devos???? https://t.co/A0JffJK61o","Place(name='Koksijde', place_type='city', country='Belgium', id='9b7c6c7d75d2089e', _api=<tweepy.api.API object at 0x7f89c8481940>, full_name='Koksijde, Belgi√´', attributes={}, bounding_box=BoundingBox(coordinates=[[[2.6046962, 51.0811846], [2.7571824, 51.0811846], [2.7571824, 51.1447855], [2.6046962, 51.1447855]]], _api=<tweepy.api.API object at 0x7f89c8481940>, type='Polygon'), url='https://api.twitter.com/1.1/geo/id/9b7c6c7d75d2089e.json', country_code='BE', contained_within=[])","0","0"
"#devos","Job Ang","Walnut, CA","False","1081625813533962240","2019-01-05 18:57:44","RT @VOHfamily: Day 1 of Donuts &amp; Devos w/ @DennisCharlesL . Going over the Steps of the Prayer of Examen. 
.
.
.
.
#liturgy #vohfamily #pra‚Ä¶","","1","0"
"#devos","No√´lle CHEVESSON","Paris, France","False","1081621946113118208","2019-01-05 18:42:22","Monsieur #Devos vous me manquez tellement üòû https://t.co/cP93GCG4ay","","0","0"
"#devos","Vineyard of Harvest","Walnut, CA","False","1081617948341501953","2019-01-05 18:26:29","Day 1 of Donuts &amp; Devos w/ @DennisCharlesL . Going over the Steps of the Prayer of Examen. 
.
.
.
.
#liturgy #vohfamily #prayer #devos #familytime https://t.co/AvvQB8e9Pe","","1","4"
"#devos","notabot","","False","1081604327322587136","2019-01-05 17:32:21","@politico Betsy #Devos doesn't care. #Jaredkurshner has other revenue streams.  #Ivanka won't skip any manicures","","0","0"
"#devos","CitizenDonna üåä","MainLine, PA","False","1081566341767839744","2019-01-05 15:01:25","@CREWcrew All I can say is DC has experienced a #InvasionOfTrumpThugs.. #Zincke #Ross #Kushner #Pruitt #Devos #Chao #Carlson #Ivanka #Whitake #Sessions...Sigh üßê","","0","0"
"#devos","R","Pennsylvania, USA","False","1081539344639410176","2019-01-05 13:14:08","DeVos recovering from surgery for broken bone via @POLITICO I don‚Äôt wish this woman ill, but I have no pity fo her, either. #DeVos appears devoid of #compassion Please #Democratic #Congress! Write her an excuse to stay home for the rest of this Godforsaken #TrumpAdministration https://t.co/UxfAzvdhTj","","0","0"
"#devos","Bernie Leinfelder","Los Angeles","False","1081396344734998534","2019-01-05 03:45:54","She should retire: DeVos recovering from surgery for broken bone https://t.co/sypVcSrYYJ #DeVos #Education #Children #Schools #Teach #Teaching #Educators","","0","1"
"#devos","CyberSecurity","","False","1081326557438763008","2019-01-04 23:08:36","RT @1111summit: @Amy_Siskind @BooneMordecai @DrJillStein 3) Follow that thread to 
#DeVos Family Server in #TrumpTower that communicated w/‚Ä¶","","1","0"
"#devos","day by day, bird by bird‚Ñ¢Ô∏è","","False","1081317161870811136","2019-01-04 22:31:15","#DeVos has HEALTH INSURANCE AND IS A MULTI MILLIONAIRE. https://t.co/sQGB8eoGXm","","0","0"
"#devos","MJBPGH","","False","1081291979810574337","2019-01-04 20:51:12","@PhillyResistNow @SenToomey Me, too. Thank you for trying! But seems he doesn't hear us. #DeVos #TaxScam #ACA #TrumpAppointees @SenToomey falls in line every time.","","0","1"
"#devos","Wesley Whistle","DC via My Old Kentucky Home","False","1081270536779501568","2019-01-04 19:25:59","Great news! @kyoag needs to keep up this great work and also confront Betsy #DeVos is her efforts to deregulate &amp; hurt #students. https://t.co/3GbM5SqdbQ","","0","0"
"#devos","WomenOnTheWall","USA ","False","1081104602303475712","2019-01-04 08:26:37","RT @kelli_fustos: What is wrong with #Education today? 

@AliceLinahan explains the major shakeup in our educational system 

#Marxism #Dev‚Ä¶","","5","0"
"#devos","TruthInTxEducation","Dallas, Tx ","False","1081104478651248640","2019-01-04 08:26:08","RT @kelli_fustos: What is wrong with #Education today? 

@AliceLinahan explains the major shakeup in our educational system 

#Marxism #Dev‚Ä¶","","5","0"
"#devos","Alice Linahan","DFW","False","1081104037234311168","2019-01-04 08:24:23","RT @kelli_fustos: What is wrong with #Education today? 

@AliceLinahan explains the major shakeup in our educational system 

#Marxism #Dev‚Ä¶","","5","0"
"#devos","‚òÜ KELLI ‚òÜ","REALITY USA","False","1081101281735786496","2019-01-04 08:13:26","What is wrong with #Education today? 

@AliceLinahan explains the major shakeup in our educational system 

#Marxism #Devos #Globalism @thebestcloser #CloserNation #TexasSenate @WOWUSTX 

https://t.co/5poy0BoyoP","","5","4"
"#devos","Marianne Smith","Oakland, California","False","1081069001503993856","2019-01-04 06:05:09","Congress in 2019: Democrat-led House oversight is likely in store for #DeVos https://t.co/1NEhDZLgmN via @BrookingsInst #education","","0","0"
